"ID","GENDER","co_medications","Date","Marker","Dose_mg","Drug_concentration","Concentrations_n_hours","ctDNA_copies_ml","mutation","Tumor_Length","Tumor_Width","lesion_site","Creatinine","EGFR","Albumin","Bilirubin Total","ASAT","ALAT","ALP","ALAR"
"E1008","F",NA,2017-06-02,"CT scan baseline",NA,NA,NA,NA,NA,21,11,"RUL",NA,NA,NA,NA,NA,NA,NA,NA
"E1008",NA,NA,2017-06-02,"CT scan baseline",NA,NA,NA,NA,NA,41,13.6,"Pleura RUL",NA,NA,NA,NA,NA,NA,NA,NA
"E1008",NA,"atorvastatine 20mg 1dd1, metoprolol 50mg 1dd1, Hydrochloortiazide 12.5mg 1dd1",2017-06-27,"Dose start",150,NA,NA,NA,"EGFR exon 21 p.L858R, TP53 p.P223L, c.668C>T (82%)",NA,NA,NA,70,76,NA,14,14,"26",87,26
"E1008",NA,"atorvastatine 20mg 1dd1, metoprolol 50mg 1dd1, Hydrochloortiazide 12.5mg 1dd2",2017-08-16,"CT scan 6 weeks",150,NA,28.8333333333333,1.73,"No primary  EGFR mutation. TP53?",20.3,9.2,"RUL",79,66,39,20,18,"18",105,18
"E1008",NA,NA,2017-08-16,"CT scan 6 weeks",NA,NA,NA,NA,NA,27.9,15.8,"Pleura RUL",NA,NA,NA,NA,NA,NA,NA,NA
"E1008",NA,NA,2017-09-06,"Drug concentration",150,NA,23.83,NA,NA,NA,NA,NA,NA,NA,NA,NA,NA,NA,NA,NA
"E1008",NA,NA,2017-09-28,"CT scan 12 weeks",150,NA,24,0.98,"No primary  EGFR mutation. TP53?",20.3,7,"RUL",80,65,41,11,16,"17",98,17
"E1008",NA,NA,2017-09-28,"CT scan 12 weeks",NA,NA,NA,NA,NA,28.3,15.9,"Pleura RUL",NA,NA,NA,NA,NA,NA,NA,NA
"E1008",NA,NA,2017-11-06,"CT scan 18 weeks",150,NA,28,NA,NA,23,7.8,"RUL",90,56,44,12,30,"23",103,23
"E1008",NA,NA,2017-11-06,"CT scan 18 weeks",NA,NA,NA,NA,NA,28.3,16.1,"Pleura RUL",NA,NA,NA,NA,NA,NA,NA,NA
"E1008",NA,NA,2017-12-20,"Dose reduction + CT scan",100,1006,24.33,NA,NA,23.8,9,"RUL",85,60,44,13,22,"18",104,18
"E1008",NA,NA,2017-12-20,"Dose reduction + CT scan",NA,NA,NA,NA,NA,24.6,15.4,"Pleura RUL",NA,NA,NA,NA,NA,NA,NA,NA
"E1008",NA,NA,2018-01-29,"CT scan 24 weeks",100,745,28.25,NA,NA,21.4,8.9,"RUL",88,58,45,8,24,"19",106,19
"E1008",NA,NA,2018-01-29,"CT scan 24 weeks",NA,NA,NA,NA,NA,25.9,15,"Pleura RUL",NA,NA,NA,NA,NA,NA,NA,NA
"E1008",NA,"atorvastatine 20mg 1dd1, metoprolol 50mg 1dd1, Hydrochloortiazide 12.5mg 1dd1",2018-02-05,"Progression event",NA,NA,NA,NA,NA,NA,NA,"Pericard",112,43,NA,22,148,"157",128,157
"E1008",NA,NA,2018-02-05,"Progression event",NA,NA,NA,1.43,"EGFR exon 21 p.L858R (VAF 0,64), TP53?",NA,NA,NA,NA,NA,NA,NA,NA,NA,NA,NA
"E1008",NA,NA,2018-02-05,"Progression event",NA,NA,NA,NA,"EGFR exon 21 p.L858R VAF 15%, EGFR p.T790M VAF 4%, APC (NM_000038) exon 16: c.4399_4400dupCC; p.K1468Lfs*6 (11%), TP53 (NM_000546) exon 6: c.668C>T; p.P223L (20%)",NA,NA,NA,NA,NA,NA,NA,NA,NA,NA,NA
"E1008",NA,NA,NA,NA,NA,NA,NA,NA,NA,NA,NA,NA,NA,NA,NA,NA,NA,NA,NA,NA
"E1012","M",NA,2017-06-20,"CT scan baseline",NA,NA,NA,NA,NA,34,NA,"LUL",NA,NA,NA,NA,NA,NA,NA,NA
"E1012",NA,NA,2017-06-20,NA,NA,NA,NA,NA,NA,13,NA,"mediastinal lymph node",NA,NA,NA,NA,NA,NA,NA,NA
"E1012",NA,NA,2017-06-20,NA,NA,NA,NA,NA,NA,20,NA,"Left  adrenal gland",NA,NA,NA,NA,NA,NA,NA,NA
"E1012",NA,NA,2017-08-05,"Lab",NA,NA,NA,NA,NA,NA,NA,NA,51,111,NA,8,24,"33",89,33
"E1012",NA,"mometason neussp 50microg 2 dosis 1x Daags, formoterol/budeson turbu 6/200mcg 120do 1 dosis 2x Daags, oxycodon tabl retard 40mg, 40 mg 2x Daags, paracetamol tabl 500mg 1000 mg 4x Daags, oxynorm (oxycodon) caps 10 mg Zn maximaal 6x daags, macrogol-elektrolyten (movicolon) sach 1 stuk 2x Daags, simvastatine tabl 40mg 40 mg 1x Daags, nebivolol tabl 5mg 5 mg 1x Daags, acetylsalicylzuur tabl 80mg 80 mg 1x Daags, perindopril tert-butylamine tabl 4mg 4 mg 1x Daags, amitriptilyne 1d50mg",2017-08-09,"Dose start",150,NA,NA,NA,"EGFR exon 21 p.L858R, TP53 exon 8: c.797G>T; p.G266V (65%)",NA,NA,NA,NA,NA,NA,NA,NA,NA,NA,NA
"E1012",NA,"amitriptyline to 1d25mg",2017-08-23,"Drug concentration",150,1050,24.8,NA,NA,NA,NA,NA,61,103,39,8,32,"38",131,38
"E1012",NA,NA,2017-09-06,"Drug concentration",150,2166,1,NA,NA,NA,NA,NA,52,110,41,12,62,"74",153,74
"E1012",NA,NA,2017-09-21,"CT scan 6 weeks",150,NA,NA,4.6,"No primary  EGFR mutation. TP53?",31,NA,"LUL",56,107,38,12,58,"114",222,114
"E1012",NA,NA,2017-09-21,NA,NA,NA,NA,NA,NA,7,NA,"mediastinal lymph node",NA,NA,NA,NA,NA,NA,NA,NA
"E1012",NA,NA,2017-09-21,NA,NA,NA,NA,NA,NA,8,NA,"Left  adrenal gland",NA,NA,NA,NA,NA,NA,NA,NA
"E1012",NA,NA,2017-10-11,"Drug concentration",150,1140,22.1666666666667,NA,NA,NA,NA,NA,55,108,38,6,38,"45",98,45
"E1012",NA,NA,2017-11-01,"CT scan 12 weeks",150,NA,NA,5.92,"No primary  EGFR mutation. TP53?",28,NA,"LUL",60,104,37,7,38,"43",74,43
"E1012",NA,NA,2017-11-01,NA,NA,NA,NA,NA,NA,NA,NA,"mediastinal lymph node",NA,NA,NA,NA,NA,NA,NA,NA
"E1012",NA,NA,2017-11-01,NA,NA,NA,NA,NA,NA,8,NA,"Left  adrenal gland",NA,NA,NA,NA,NA,NA,NA,NA
"E1012",NA,NA,2017-12-13,"CT scan 18 weeks",150,634,23.9333333333333,NA,NA,23,NA,"LUL",69,98,42,8,24,"26",79,26
"E1012",NA,NA,2017-12-13,NA,NA,NA,NA,NA,NA,NA,NA,"mediastinal lymph node",NA,NA,NA,NA,NA,NA,NA,NA
"E1012",NA,NA,2017-12-13,NA,NA,NA,NA,NA,NA,NA,NA,"Left  adrenal gland",NA,NA,NA,NA,NA,NA,NA,NA
"E1012",NA,NA,2018-01-24,"CT scan 24 weeks",150,NA,NA,NA,NA,23,NA,"LUL",NA,NA,NA,NA,NA,NA,NA,NA
"E1012",NA,NA,2018-01-24,NA,NA,NA,NA,NA,NA,NA,NA,"mediastinal lymph node",NA,NA,NA,NA,NA,NA,NA,NA
"E1012",NA,NA,2018-01-24,NA,NA,NA,NA,NA,NA,NA,NA,"Left  adrenal gland",NA,NA,NA,NA,NA,NA,NA,NA
"E1012",NA,NA,2018-01-31,"Drug concentration",150,792,23.1666666666667,NA,NA,NA,NA,NA,79,93,42,7,27,"33",78,33
"E1012",NA,NA,2018-03-21,"CT scan 30 weeks",150,1190,23.9,NA,NA,23,NA,"LUL",77,94,41,10,27,"33",74,33
"E1012",NA,NA,2018-03-21,NA,NA,NA,NA,NA,NA,NA,NA,"mediastinal lymph node",NA,NA,NA,NA,NA,NA,NA,NA
"E1012",NA,NA,2018-03-21,NA,NA,NA,NA,NA,NA,NA,NA,"Left  adrenal gland",NA,NA,NA,NA,NA,NA,NA,NA
"E1012",NA,NA,2018-05-02,"CT scan 36 weeks",150,1297,23.2833333333333,NA,NA,23,NA,"LUL",75,94,NA,9,25,"27",74,27
"E1012",NA,NA,2018-05-02,NA,NA,NA,NA,NA,NA,NA,NA,"mediastinal lymph node",NA,NA,NA,NA,NA,NA,NA,NA
"E1012",NA,NA,2018-05-02,NA,NA,NA,NA,NA,NA,NA,NA,"Left  adrenal gland",NA,NA,NA,NA,NA,NA,NA,NA
"E1012",NA,NA,2018-06-11,"CT scan 42 weeks",150,NA,NA,NA,NA,23,NA,"LUL",NA,NA,NA,NA,NA,NA,NA,NA
"E1012",NA,NA,2018-06-11,NA,NA,NA,NA,NA,NA,NA,NA,"mediastinal lymph node",NA,NA,NA,NA,NA,NA,NA,NA
"E1012",NA,NA,2018-06-11,NA,NA,NA,NA,NA,NA,NA,NA,"Left  adrenal gland",NA,NA,NA,NA,NA,NA,NA,NA
"E1012",NA,NA,2018-06-19,"Drug concentration",150,1133,22.75,NA,NA,NA,NA,NA,78,93,NA,9,25,"24",81,24
"E1012",NA,NA,2018-07-31,"CT scan 45 weeks",150,1664,21.75,NA,NA,25,NA,"LUL",82,89,NA,11,18,"15",80,15
"E1012",NA,NA,2018-07-31,NA,NA,NA,NA,NA,NA,NA,NA,"mediastinal lymph node",NA,NA,NA,NA,NA,NA,NA,NA
"E1012",NA,NA,2018-07-31,NA,NA,NA,NA,NA,NA,NA,NA,"Left  adrenal gland",NA,NA,NA,NA,NA,NA,NA,NA
"E1012",NA,"Start doxycycline 2d100mg",2018-08-17,NA,NA,NA,NA,NA,NA,NA,NA,NA,NA,NA,NA,NA,NA,NA,NA,NA
"E1012",NA,"doxycycline to 1d100mg",2018-09-12,"CT scan",150,1483,21.8666666666667,NA,NA,26,NA,"LUL",79,92,NA,14,26,"28",90,28
"E1012",NA,NA,2018-09-12,NA,NA,NA,NA,NA,NA,NA,NA,"mediastinal lymph node",NA,NA,NA,NA,NA,NA,NA,NA
"E1012",NA,NA,2018-09-12,NA,NA,NA,NA,NA,NA,NA,NA,"Left  adrenal gland",NA,NA,NA,NA,NA,NA,NA,NA
"E1012",NA,"doxycycline to 2d100mg",2018-10-24,"CT scan",150,1171,23,NA,NA,26,NA,"LUL",72,96,42,10,19,"23",78,23
"E1012",NA,NA,2018-10-24,NA,NA,NA,NA,NA,NA,NA,NA,"mediastinal lymph node",NA,NA,NA,NA,NA,NA,NA,NA
"E1012",NA,NA,2018-10-24,NA,NA,NA,NA,NA,NA,NA,NA,"Left  adrenal gland",NA,NA,NA,NA,NA,NA,NA,NA
"E1012",NA,NA,2018-12-05,"CT scan",150,1569,23,NA,NA,26,NA,"LUL",78,93,40,11,24,"26",88,26
"E1012",NA,NA,2018-12-05,NA,NA,NA,NA,NA,NA,NA,NA,"mediastinal lymph node",NA,NA,NA,NA,NA,NA,NA,NA
"E1012",NA,NA,2018-12-05,NA,NA,NA,NA,NA,NA,NA,NA,"Left  adrenal gland",NA,NA,NA,NA,NA,NA,NA,NA
"E1012",NA,NA,2019-01-16,"CT scan",150,1442,22.65,NA,NA,26,NA,"LUL",79,92,39,12,23,"25",84,25
"E1012",NA,NA,2019-01-16,NA,NA,NA,NA,NA,NA,NA,NA,"mediastinal lymph node",NA,NA,NA,NA,NA,NA,NA,NA
"E1012",NA,NA,2019-01-16,NA,NA,NA,NA,NA,NA,NA,NA,"Left  adrenal gland",NA,NA,NA,NA,NA,NA,NA,NA
"E1012",NA,NA,2019-03-13,"CT scan",150,1280,23.0833333333333,NA,NA,26,NA,"LUL",73,95,42,15,27,"23",91,23
"E1012",NA,NA,2019-03-13,NA,NA,NA,NA,NA,NA,NA,NA,"mediastinal lymph node",NA,NA,NA,NA,NA,NA,NA,NA
"E1012",NA,NA,2019-03-13,NA,NA,NA,NA,NA,NA,NA,NA,"Left  adrenal gland",NA,NA,NA,NA,NA,NA,NA,NA
"E1012",NA,NA,2019-05-08,"CT scan",150,1218,22.85,NA,NA,26,NA,"LUL",78,92,40,14,21,"27",86,27
"E1012",NA,NA,2019-05-08,NA,NA,NA,NA,NA,NA,NA,NA,"mediastinal lymph node",NA,NA,NA,NA,NA,NA,NA,NA
"E1012",NA,NA,2019-05-08,NA,NA,NA,NA,NA,NA,NA,NA,"Left  adrenal gland",NA,NA,NA,NA,NA,NA,NA,NA
"E1012",NA,"Start pantoprazole 1d40mg",2019-07-04,"CT scan",150,2613,4.21666666666667,2.28,"No primary  EGFR mutation. TP53?",26,NA,"LUL",77,92,40,13,32,"31",86,31
"E1012",NA,NA,2019-07-04,NA,NA,NA,NA,NA,NA,NA,NA,"mediastinal lymph node",NA,NA,NA,NA,NA,NA,NA,NA
"E1012",NA,NA,2019-07-04,NA,NA,NA,NA,NA,NA,NA,NA,"Left  adrenal gland",NA,NA,NA,NA,NA,NA,NA,NA
"E1012",NA,NA,2019-07-31,"Lab",NA,NA,NA,NA,NA,NA,NA,NA,61,102,44,11,22,"17",80,17
"E1012",NA,NA,2019-08-01,"MRI cerebrum / Progression event",150,NA,NA,NA,NA,NA,NA,"supra-and infratentorial",NA,NA,NA,NA,NA,NA,NA,NA
"E1034","F",NA,2018-07-18,"CT scan baseline",NA,NA,NA,NA,NA,47,NA,"paratracheal lymphe node 1",NA,NA,NA,NA,NA,NA,NA,NA
"E1034",NA,NA,2018-07-18,NA,NA,NA,NA,NA,NA,14,NA,"supraclavicular right lymphe node",NA,NA,NA,NA,NA,NA,NA,NA
"E1034",NA,NA,2018-07-18,NA,NA,NA,NA,NA,NA,19,NA,"retrosternal lymphe node",NA,NA,NA,NA,NA,NA,NA,NA
"E1034",NA,NA,2018-07-18,NA,NA,NA,NA,NA,NA,33,NA,"paratracheal lymphe node 2",NA,NA,NA,NA,NA,NA,NA,NA
"E1034",NA,NA,NA,NA,NA,NA,NA,NA,"EGFR exon 21: c.2555A>G; p.K852R, CDKN2A exon 2: c.355G>T; p.E119* (53%), TP53 exon 7: c.713G>T; p.C238F (50%), NTRK1 amplification",NA,NA,NA,NA,NA,NA,NA,NA,NA,NA,NA
"E1034",NA,"Fenprocoumon 3mg, Paracetamol 4d 1000 milligram, Fentanyl pleister  50ug/uur, Oxycodon capsule  5mg, zn6d, Macrogol/zouten pdr v drank 1d1, Minocycline 1d 100 milligram",2018-07-24,"Dose start",150,NA,NA,0.77,"EGFR exon 21: c.2555A>G; p.K852R (VAF 9,32). TP53?",NA,NA,NA,62,103,44,NA,14,"6",3,6
"E1034",NA,NA,2018-08-15,"Drug concentration",150,NA,NA,NA,NA,NA,NA,NA,NA,NA,NA,NA,NA,NA,NA,NA
"E1034",NA,NA,2018-09-05,"CT scan 6 weeks / progression event",150,NA,NA,0.3,"EGFR exon 21: c.2555A>G; p.K852R (VAF 5,99), TP53: p.C238F (4.91%, 25 mol)",47,NA,"paratracheal lymphe node 1",NA,NA,NA,NA,NA,NA,NA,NA
"E1034",NA,NA,2018-09-05,NA,NA,NA,NA,NA,NA,18,NA,"supraclavicular right lymphe node",NA,NA,NA,NA,NA,NA,NA,NA
"E1034",NA,NA,2018-09-05,NA,NA,NA,NA,NA,NA,20,NA,"retrosternal lymphe node",NA,NA,NA,NA,NA,NA,NA,NA
"E1034",NA,NA,2018-09-05,NA,NA,NA,NA,NA,NA,33,NA,"paratracheal lymphe node 2",NA,NA,NA,NA,NA,NA,NA,NA
"A1001","F",NA,2017-07-03,"CT scan baseline",NA,NA,NA,NA,NA,10,NA,"liver subdiaphragmatic",NA,NA,NA,NA,NA,NA,NA,NA
"A1001",NA,NA,2017-07-03,NA,NA,NA,NA,NA,NA,18,NA,"LLL",NA,NA,NA,NA,NA,NA,NA,NA
"A1001",NA,NA,2017-07-03,NA,NA,NA,NA,NA,NA,7.9,NA,"paratracheal lymphe node",NA,NA,NA,NA,NA,NA,NA,NA
"A1001",NA,NA,2017-07-03,NA,NA,NA,NA,NA,NA,13,NA,"mediastinal lymph node R",NA,NA,NA,NA,NA,NA,NA,NA
"A1001",NA,NA,2017-07-04,"MRI cerebrum baseline",NA,NA,NA,NA,NA,NA,NA,"cerebellum",NA,NA,NA,NA,NA,NA,NA,NA
"A1001",NA,NA,NA,NA,NA,NA,NA,NA,NA,NA,NA,"cerebrum",NA,NA,NA,NA,NA,NA,NA,NA
"A1001",NA,NA,2017-07-06,NA,NA,NA,NA,NA,"EGFR exon 21 p.L858R",NA,NA,NA,NA,NA,NA,NA,NA,NA,NA,NA
"A1001",NA,"See comment",2017-07-21,"Dose start",150,NA,NA,2,"EGFR exon 21 p.L858R, VAF 8,71",NA,NA,NA,70,83,49,NA,20,"38",82,38
"A1001",NA,NA,2017-08-08,"CT scan 3 weeks",150,NA,NA,2.38,"No primary  EGFR mutation. TP53?",7.9,NA,"liver subdiaphragmatic",61,NA,44,7,36,"65",64,65
"A1001",NA,NA,2017-08-08,NA,NA,NA,NA,NA,NA,16.9,NA,"LLL",NA,NA,NA,NA,NA,NA,NA,NA
"A1001",NA,NA,2017-08-08,NA,NA,NA,NA,NA,NA,6.1,NA,"paratracheal lymphe node",NA,NA,NA,NA,NA,NA,NA,NA
"A1001",NA,NA,2017-08-08,NA,NA,NA,NA,NA,NA,13.9,NA,"mediastinal lymph node R",NA,NA,NA,NA,NA,NA,NA,NA
"A1001",NA,NA,2017-09-04,"MRI cerebrum",NA,NA,NA,NA,NA,NA,NA,"cerebellum",68,86,44,8,112,"225",73,225
"A1001",NA,NA,NA,NA,NA,NA,NA,NA,NA,NA,NA,"cerebrum",NA,NA,NA,NA,NA,NA,NA,NA
"A1001",NA,NA,2017-11-06,"CT scan",NA,NA,NA,NA,NA,2,NA,"liver subdiaphragmatic",72,81,44,9,43,"53",55,53
"A1001",NA,NA,2017-11-06,NA,NA,NA,NA,NA,NA,14.3,NA,"LLL",NA,NA,NA,NA,NA,NA,NA,NA
"A1001",NA,NA,2017-11-06,NA,NA,NA,NA,NA,NA,6.1,NA,"paratracheal lymphe node",NA,NA,NA,NA,NA,NA,NA,NA
"A1001",NA,NA,2017-11-06,NA,NA,NA,NA,NA,NA,11.2,NA,"mediastinal lymph node R",NA,NA,NA,NA,NA,NA,NA,NA
"A1001",NA,NA,2017-11-06,"MRI cerebrum",NA,NA,NA,NA,NA,NA,NA,"cerebellum",NA,NA,NA,NA,NA,NA,NA,NA
"A1001",NA,NA,NA,NA,NA,NA,NA,NA,NA,NA,NA,"cerebrum",NA,NA,NA,NA,NA,NA,NA,NA
"A1001",NA,NA,2018-02-05,"MRI cerebrum",NA,NA,NA,NA,NA,NA,NA,"cerebellum",NA,NA,NA,NA,NA,NA,NA,NA
"A1001",NA,NA,NA,NA,NA,NA,NA,NA,NA,NA,NA,"cerebrum",NA,NA,NA,NA,NA,NA,NA,NA
"A1001",NA,NA,2018-02-05,"CT scan",150,1000,25,NA,NA,3,NA,"liver subdiaphragmatic",NA,NA,NA,NA,NA,NA,NA,NA
"A1001",NA,NA,2018-02-05,NA,NA,NA,NA,NA,NA,14.3,NA,"LLL",NA,NA,NA,NA,NA,NA,NA,NA
"A1001",NA,NA,2018-02-05,NA,NA,NA,NA,NA,NA,6.1,NA,"paratracheal lymphe node",NA,NA,NA,NA,NA,NA,NA,NA
"A1001",NA,NA,2018-02-05,NA,NA,NA,NA,NA,NA,10.9,NA,"mediastinal lymph node R",NA,NA,NA,NA,NA,NA,NA,NA
"A1001",NA,NA,2018-02-13,"CT scan progression",NA,NA,NA,NA,NA,NA,NA,"leptomeningeal metastasis",74,77,46,9,29,"23",63,23
"A1001",NA,NA,NA,NA,NA,NA,NA,NA,NA,NA,NA,"cerebellum",NA,NA,NA,NA,NA,NA,NA,NA
"A1001",NA,NA,NA,NA,NA,NA,NA,NA,NA,NA,NA,"cerebrum",NA,NA,NA,NA,NA,NA,NA,NA
"A1002","F",NA,2017-03-21,"Lab",NA,NA,NA,NA,NA,NA,NA,NA,64,81,42,5,25,"25",119,25
"A1002",NA,NA,2017-03-21,NA,NA,NA,NA,NA,"EGFR exon 19 p.E746_A750del",NA,NA,NA,NA,NA,NA,NA,NA,NA,NA,NA
"A1002",NA,NA,2017-03-31,"CT baseline",NA,NA,NA,NA,NA,NA,NA,"Pleural effision left",NA,NA,NA,NA,NA,NA,NA,NA
"A1002",NA,NA,2017-03-31,NA,NA,NA,NA,NA,NA,7.4,NA,"Pleural metastasis LUL",NA,NA,NA,NA,NA,NA,NA,NA
"A1002",NA,NA,2017-03-31,NA,NA,NA,NA,NA,NA,7.8,NA,"Pleural metastasis LLL",NA,NA,NA,NA,NA,NA,NA,NA
"A1002",NA,NA,2017-03-31,NA,NA,NA,NA,NA,NA,43.5,NA,"Perihilar primary tumour",NA,NA,NA,NA,NA,NA,NA,NA
"A1002",NA,"Hydrochloorthiazide 1d12,5mg, losartan 1d50mg",2017-04-04,"Dose start",150,NA,NA,NA,NA,NA,NA,NA,NA,NA,NA,NA,NA,NA,NA,NA
"A1002",NA,NA,2017-05-19,"lab",NA,NA,NA,NA,NA,NA,NA,NA,71,71,39,10,28,"11",93,11
"A1002",NA,NA,2017-06-01,"CT scan 8 weeks",150,NA,NA,NA,NA,NA,NA,"Pleural effision left",NA,NA,NA,NA,NA,NA,NA,NA
"A1002",NA,NA,2017-06-01,NA,NA,NA,NA,NA,NA,7,NA,"Pleural metastasis LUL",NA,NA,NA,NA,NA,NA,NA,NA
"A1002",NA,NA,2017-06-01,NA,NA,NA,NA,NA,NA,2,NA,"Pleural metastasis LLL",NA,NA,NA,NA,NA,NA,NA,NA
"A1002",NA,NA,2017-06-01,NA,NA,NA,NA,NA,NA,21.3,NA,"Perihilar primary tumour",NA,NA,NA,NA,NA,NA,NA,NA
"A1002",NA,NA,2017-06-16,"Lab",NA,NA,NA,NA,NA,NA,NA,NA,73,69,41,7,25,"14",102,14
"A1002",NA,NA,2017-07-07,"Lab",NA,NA,NA,NA,NA,NA,NA,NA,73,69,41,13,26,"14",99,14
"A1002",NA,NA,2017-07-19,"CT scan 14 weeks",150,NA,NA,NA,NA,NA,NA,"Pleural effision left",NA,NA,NA,NA,NA,NA,NA,NA
"A1002",NA,NA,2017-07-19,NA,NA,NA,NA,NA,NA,4.3,NA,"Pleural metastasis LUL",NA,NA,NA,NA,NA,NA,NA,NA
"A1002",NA,NA,2017-07-19,NA,NA,NA,NA,NA,NA,0,NA,"Pleural metastasis LLL",NA,NA,NA,NA,NA,NA,NA,NA
"A1002",NA,NA,2017-07-19,NA,NA,NA,NA,NA,NA,19.8,NA,"Perihilar primary tumour",NA,NA,NA,NA,NA,NA,NA,NA
"A1002",NA,NA,2017-08-30,"CT scan",150,947,27,NA,NA,NA,NA,"Pleural effision left",72,70,41,6,23,"14",98,14
"A1002",NA,NA,2017-08-30,NA,NA,NA,NA,NA,NA,5.8,NA,"Pleural metastasis LUL",NA,NA,NA,NA,NA,NA,NA,NA
"A1002",NA,NA,2017-08-30,NA,NA,NA,NA,NA,NA,0,NA,"Pleural metastasis LLL",NA,NA,NA,NA,NA,NA,NA,NA
"A1002",NA,NA,2017-08-30,NA,NA,NA,NA,NA,NA,20.2,NA,"Perihilar primary tumour",NA,NA,NA,NA,NA,NA,NA,NA
"A1002",NA,NA,2017-10-04,"CT scan",150,NA,NA,NA,NA,NA,NA,"Pleural effision left",64,81,39,4,22,"16",106,16
"A1002",NA,NA,2017-10-04,NA,NA,NA,NA,NA,NA,5.8,NA,"Pleural metastasis LUL",NA,NA,NA,NA,NA,NA,NA,NA
"A1002",NA,NA,2017-10-04,NA,NA,NA,NA,NA,NA,0,NA,"Pleural metastasis LLL",NA,NA,NA,NA,NA,NA,NA,NA
"A1002",NA,NA,2017-10-04,NA,NA,NA,NA,NA,NA,20.2,NA,"Perihilar primary tumour",NA,NA,NA,NA,NA,NA,NA,NA
"A1002",NA,NA,2017-11-22,"CT scan",150,2946,3.5,NA,NA,NA,NA,"Pleural effision left",69,74,42,8,22,"16",115,16
"A1002",NA,NA,2017-11-22,NA,NA,NA,NA,NA,NA,5.8,NA,"Pleural metastasis LUL",NA,NA,NA,NA,NA,NA,NA,NA
"A1002",NA,NA,2017-11-22,NA,NA,NA,NA,NA,NA,0,NA,"Pleural metastasis LLL",NA,NA,NA,NA,NA,NA,NA,NA
"A1002",NA,NA,2017-11-22,NA,NA,NA,NA,NA,NA,20.2,NA,"Perihilar primary tumour",NA,NA,NA,NA,NA,NA,NA,NA
"A1002",NA,NA,2018-01-03,"CT scan",150,1143,26.3,NA,NA,NA,NA,"Pleural effision left",72,69,40,8,25,"19",105,19
"A1002",NA,NA,2018-01-03,NA,NA,NA,NA,NA,NA,5.8,NA,"Pleural metastasis LUL",NA,NA,NA,NA,NA,NA,NA,NA
"A1002",NA,NA,2018-01-03,NA,NA,NA,NA,NA,NA,0,NA,"Pleural metastasis LLL",NA,NA,NA,NA,NA,NA,NA,NA
"A1002",NA,NA,2018-01-03,NA,NA,NA,NA,NA,NA,20.2,NA,"Perihilar primary tumour",NA,NA,NA,NA,NA,NA,NA,NA
"A1002",NA,NA,2018-02-12,"CT scan",150,638,26.5,NA,NA,NA,NA,"Pleural effision left",67,76,42,7,26,"16",108,16
"A1002",NA,NA,2018-02-12,NA,NA,NA,NA,NA,NA,5.8,NA,"Pleural metastasis LUL",NA,NA,NA,NA,NA,NA,NA,NA
"A1002",NA,NA,2018-02-12,NA,NA,NA,NA,NA,NA,0,NA,"Pleural metastasis LLL",NA,NA,NA,NA,NA,NA,NA,NA
"A1002",NA,NA,2018-02-12,NA,NA,NA,NA,NA,NA,20.2,NA,"Perihilar primary tumour",NA,NA,NA,NA,NA,NA,NA,NA
"A1002",NA,NA,2018-03-28,"CT scan",150,975,26,NA,NA,NA,NA,"Pleural effision left",67,76,40,8,23,"14",112,14
"A1002",NA,NA,2018-03-28,NA,NA,NA,NA,NA,NA,5.8,NA,"Pleural metastasis LUL",NA,NA,NA,NA,NA,NA,NA,NA
"A1002",NA,NA,2018-03-28,NA,NA,NA,NA,NA,NA,0,NA,"Pleural metastasis LLL",NA,NA,NA,NA,NA,NA,NA,NA
"A1002",NA,NA,2018-03-28,NA,NA,NA,NA,NA,NA,20.2,NA,"Perihilar primary tumour",NA,NA,NA,NA,NA,NA,NA,NA
"A1002",NA,NA,2018-05-09,"CT scan",150,999,25.75,NA,NA,NA,NA,"Pleural effision left",68,74,38,9,27,"15",105,15
"A1002",NA,NA,2018-05-09,NA,NA,NA,NA,NA,NA,5.8,NA,"Pleural metastasis LUL",NA,NA,NA,NA,NA,NA,NA,NA
"A1002",NA,NA,2018-05-09,NA,NA,NA,NA,NA,NA,0,NA,"Pleural metastasis LLL",NA,NA,NA,NA,NA,NA,NA,NA
"A1002",NA,NA,2018-05-09,NA,NA,NA,NA,NA,NA,20.2,NA,"Perihilar primary tumour",NA,NA,NA,NA,NA,NA,NA,NA
"A1002",NA,NA,2018-06-20,"CT scan",150,1005,26.75,NA,NA,NA,NA,"Pleural effision left",71,71,39,7,21,"12",117,12
"A1002",NA,NA,2018-06-20,NA,NA,NA,NA,NA,NA,5.8,NA,"Pleural metastasis LUL",NA,NA,NA,NA,NA,NA,NA,NA
"A1002",NA,NA,2018-06-20,NA,NA,NA,NA,NA,NA,0,NA,"Pleural metastasis LLL",NA,NA,NA,NA,NA,NA,NA,NA
"A1002",NA,NA,2018-06-20,NA,NA,NA,NA,NA,NA,20.2,NA,"Perihilar primary tumour",NA,NA,NA,NA,NA,NA,NA,NA
"A1002",NA,NA,2018-08-08,"CT scan",150,1522,1.5,NA,NA,NA,NA,"Pleural effision left",74,67,38,7,23,"20",118,20
"A1002",NA,NA,2018-08-08,NA,NA,NA,NA,NA,NA,5.8,NA,"Pleural metastasis LUL",NA,NA,NA,NA,NA,NA,NA,NA
"A1002",NA,NA,2018-08-08,NA,NA,NA,NA,NA,NA,0,NA,"Pleural metastasis LLL",NA,NA,NA,NA,NA,NA,NA,NA
"A1002",NA,NA,2018-08-08,NA,NA,NA,NA,NA,NA,20.2,NA,"Perihilar primary tumour",NA,NA,NA,NA,NA,NA,NA,NA
"A1002",NA,NA,2018-09-19,"CT scan",150,NA,NA,NA,NA,NA,NA,"Pleural effision left",70,72,39,6,19,"12",101,12
"A1002",NA,NA,2018-09-19,NA,NA,NA,NA,NA,NA,5.8,NA,"Pleural metastasis LUL",NA,NA,NA,NA,NA,NA,NA,NA
"A1002",NA,NA,2018-09-19,NA,NA,NA,NA,NA,NA,0,NA,"Pleural metastasis LLL",NA,NA,NA,NA,NA,NA,NA,NA
"A1002",NA,NA,2018-09-19,NA,NA,NA,NA,NA,NA,19.5,NA,"Perihilar primary tumour",NA,NA,NA,NA,NA,NA,NA,NA
"A1002",NA,NA,2018-11-14,"CT scan",150,587,26,NA,NA,NA,NA,"Pleural effision left",62,83,42,5,24,"13",111,13
"A1002",NA,NA,2018-11-14,NA,NA,NA,NA,NA,NA,5.8,NA,"Pleural metastasis LUL",NA,NA,NA,NA,NA,NA,NA,NA
"A1002",NA,NA,2018-11-14,NA,NA,NA,NA,NA,NA,0,NA,"Pleural metastasis LLL",NA,NA,NA,NA,NA,NA,NA,NA
"A1002",NA,NA,2018-11-14,NA,NA,NA,NA,NA,NA,20,NA,"Perihilar primary tumour",NA,NA,NA,NA,NA,NA,NA,NA
"A1002",NA,NA,2019-01-09,"CT scan",150,911,26.25,NA,NA,NA,NA,"Pleural effision left",68,74,41,6,19,"11",124,11
"A1002",NA,NA,2019-01-09,NA,NA,NA,NA,NA,NA,5.8,NA,"Pleural metastasis LUL",NA,NA,NA,NA,NA,NA,NA,NA
"A1002",NA,NA,2019-01-09,NA,NA,NA,NA,NA,NA,0,NA,"Pleural metastasis LLL",NA,NA,NA,NA,NA,NA,NA,NA
"A1002",NA,NA,2019-01-09,NA,NA,NA,NA,NA,NA,20,NA,"Perihilar primary tumour",NA,NA,NA,NA,NA,NA,NA,NA
"A1002",NA,NA,2019-04-03,"CT scan progression",150,629,25.75,1.04,"Primary EGFR mutation VAF 0,26",NA,NA,"Pleural effision left",70,71,40,7,22,"14",126,14
"A1002",NA,NA,2019-04-03,NA,NA,NA,NA,NA,NA,5.4,NA,"Pleural metastasis LUL",NA,NA,NA,NA,NA,NA,NA,NA
"A1002",NA,NA,2019-04-03,NA,NA,NA,NA,NA,NA,0,NA,"Pleural metastasis LLL",NA,NA,NA,NA,NA,NA,NA,NA
"A1002",NA,NA,2019-04-03,NA,NA,NA,NA,NA,NA,39.6,NA,"Perihilar primary tumour",NA,NA,NA,NA,NA,NA,NA,NA
"A1002",NA,NA,NA,NA,NA,NA,NA,NA,NA,NA,NA,"new leasions in LLL",NA,NA,NA,NA,NA,NA,NA,NA
"A1002",NA,NA,2019-04-26,"Biopsy",NA,NA,NA,NA,"primary EGFR mutation VAF 42% + T790M VAF 7%",NA,NA,NA,NA,NA,NA,NA,NA,NA,NA,NA
"A1003","F",NA,NA,NA,NA,NA,NA,NA,"EGFR exon 21 p.L858R + TP53 p.S241F (45%)",NA,NA,NA,NA,NA,NA,NA,NA,NA,NA,NA
"A1003",NA,NA,NA,NA,NA,NA,NA,1.6,"No primary  EGFR mutation. TP53?",NA,NA,NA,NA,NA,NA,NA,NA,NA,NA,NA
"A1003",NA,NA,2017-07-14,"CT scan baseline",NA,NA,NA,NA,NA,53,NA,"Primary tumour RUL",NA,NA,NA,NA,NA,NA,NA,NA
"A1003",NA,NA,2017-07-14,NA,NA,NA,NA,NA,NA,18,NA,"Hilar lymph node 4R",NA,NA,NA,NA,NA,NA,NA,NA
"A1003",NA,NA,2017-07-14,NA,NA,NA,NA,NA,NA,20,NA,"Pleural metatstsis right I",NA,NA,NA,NA,NA,NA,NA,NA
"A1003",NA,NA,2017-07-14,NA,NA,NA,NA,NA,NA,16,NA,"Pleural metatstsis right II",NA,NA,NA,NA,NA,NA,NA,NA
"A1003",NA,NA,NA,NA,NA,NA,NA,NA,NA,NA,NA,"Pleural effusion right",NA,NA,NA,NA,NA,NA,NA,NA
"A1003",NA,NA,2017-07-25,"Dose start",150,NA,NA,NA,NA,NA,NA,NA,61,89,39,9,18,"15",60,15
"A1003",NA,NA,2017-08-15,"Drug concentration",150,1006,25.5,NA,NA,NA,NA,NA,56,90,43,11,26,"31",68,31
"A1003",NA,NA,2017-09-01,"CT scan 5 weeks",150,1054,29.75,1.42,"Primary EGFR mutation (VAF 0,13)",43,NA,"Primary tumour RUL",60,90,39,8,18,"19",70,19
"A1003",NA,NA,2017-09-01,NA,NA,NA,NA,NA,NA,10,NA,"Hilar lymph node 4R",NA,NA,NA,NA,NA,NA,NA,NA
"A1003",NA,NA,2017-09-01,NA,NA,NA,NA,NA,NA,14,NA,"Pleural metatstsis right I",NA,NA,NA,NA,NA,NA,NA,NA
"A1003",NA,NA,2017-09-01,NA,NA,NA,NA,NA,NA,14,NA,"Pleural metatstsis right II",NA,NA,NA,NA,NA,NA,NA,NA
"A1003",NA,NA,NA,NA,NA,NA,NA,NA,NA,NA,NA,"Pleural effusion right",NA,NA,NA,NA,NA,NA,NA,NA
"A1003",NA,NA,2017-10-13,"CT scan",150,593,31.5,0.69,"No primary  EGFR mutation. TP53?",48.5,NA,"Primary tumour RUL",61,89,45,6,21,"20",71,20
"A1003",NA,NA,2017-10-13,NA,NA,NA,NA,NA,NA,10,NA,"Hilar lymph node 4R",NA,NA,NA,NA,NA,NA,NA,NA
"A1003",NA,NA,2017-10-13,NA,NA,NA,NA,NA,NA,14.2,NA,"Pleural metatstsis right I",NA,NA,NA,NA,NA,NA,NA,NA
"A1003",NA,NA,2017-10-13,NA,NA,NA,NA,NA,NA,13.8,NA,"Pleural metatstsis right II",NA,NA,NA,NA,NA,NA,NA,NA
"A1003",NA,NA,NA,NA,NA,NA,NA,NA,NA,NA,NA,"Pleural effusion right",NA,NA,NA,NA,NA,NA,NA,NA
"A1003",NA,NA,2017-11-24,"CT scan progression",150,854,30.25,1.25,"Primary EGFR mutation (VAF 0,26) + TP53 p.R273H 0,17%",45,NA,"Primary tumour RUL",63,86,42,6,23,"18",67,18
"A1003",NA,NA,2017-11-24,NA,NA,NA,NA,NA,NA,11,NA,"Hilar lymph node 4R",NA,NA,NA,NA,NA,NA,NA,NA
"A1003",NA,NA,2017-11-24,NA,NA,NA,NA,NA,NA,NA,NA,"Pleural metatstsis right I",NA,NA,NA,NA,NA,NA,NA,NA
"A1003",NA,NA,2017-11-24,NA,NA,NA,NA,NA,NA,NA,NA,"Pleural metatstsis right II",NA,NA,NA,NA,NA,NA,NA,NA
"A1003",NA,NA,NA,NA,NA,NA,NA,NA,NA,NA,NA,"Pleural effusion right",NA,NA,NA,NA,NA,NA,NA,NA
"A1004","M",NA,NA,NA,NA,NA,NA,NA,"EGFR exon 19 p.T751_I758delinsN",NA,NA,NA,NA,NA,NA,NA,NA,NA,NA,NA
"A1004",NA,NA,2017-09-14,"CT baseline",NA,NA,NA,NA,NA,33,NA,"Primary tumour RUL",NA,NA,NA,NA,NA,NA,NA,NA
"A1004",NA,NA,NA,NA,NA,NA,NA,NA,NA,NA,NA,"Pleural effusion right",NA,NA,NA,NA,NA,NA,NA,NA
"A1004",NA,NA,NA,NA,NA,NA,NA,NA,NA,NA,NA,"Pleuritis carcinomatosa",NA,NA,NA,NA,NA,NA,NA,NA
"A1004",NA,"acenocoumarol 0-8mg, amlodipine 10mg 1d, colecalciferol 800IE 1d, enalapril 20mg 2d, minocycline 100mg 1d, simvastatine 20mg 1d, sotalol 80mg 3d",2017-10-03,"Dose start",150,NA,NA,1.66,"No primary EGFR mutation",NA,NA,NA,88,77,44,13,NA,"20",52,20
"A1004",NA,NA,2017-10-23,"Drug concentration",150,1219,1.75,NA,NA,NA,NA,NA,NA,NA,NA,NA,NA,NA,NA,NA
"A1004",NA,NA,2017-11-13,"CT scan 6 weeks",150,892,27,1.41,"No primary EGFR mutation",NA,NA,"Primary tumour RUL",105,62,41,12,26,"24",66,24
"A1004",NA,NA,NA,NA,NA,NA,NA,NA,NA,NA,NA,"Pleural effusion right",NA,NA,NA,NA,NA,NA,NA,NA
"A1004",NA,NA,NA,NA,NA,NA,NA,NA,NA,NA,NA,"Pleuritis carcinomatosa",NA,NA,NA,NA,NA,NA,NA,NA
"A1004",NA,NA,2017-12-04,"Drug concentration",150,784,27,NA,NA,NA,NA,NA,94,70,40,10,28,NA,61,NA
"A1004",NA,NA,2017-12-22,"CT scan",NA,NA,NA,NA,NA,16.7,NA,"Primary tumour RUL",NA,NA,NA,NA,NA,NA,NA,NA
"A1004",NA,NA,NA,NA,NA,NA,NA,NA,NA,NA,NA,"Pleural effusion right (3 weeks after drainage)",NA,NA,NA,NA,NA,NA,NA,NA
"A1004",NA,NA,NA,NA,NA,NA,NA,NA,NA,NA,NA,"Pleuritis carcinomatosa",NA,NA,NA,NA,NA,NA,NA,NA
"A1004",NA,NA,2017-12-27,"Drug concentration",150,847,32,1.11,"No primary EGFR mutation",NA,NA,NA,88,76,40,9,25,"24",60,24
"A1004",NA,NA,2018-02-02,"CT scan",NA,NA,NA,NA,NA,NA,NA,"Primary tumour RUL",NA,NA,NA,NA,NA,NA,NA,NA
"A1004",NA,NA,NA,NA,NA,NA,NA,NA,NA,NA,NA,"Pleural effusion right",NA,NA,NA,NA,NA,NA,NA,NA
"A1004",NA,NA,NA,NA,NA,NA,NA,NA,NA,NA,NA,"Pleuritis carcinomatosa",NA,NA,NA,NA,NA,NA,NA,NA
"A1004",NA,NA,2018-02-05,"Drug concentration",150,712,29,NA,NA,NA,NA,NA,95,70,41,11,28,"24",65,24
"A1004",NA,NA,2018-03-16,"CT scan",NA,NA,NA,NA,NA,NA,NA,"Primary tumour RUL",NA,NA,NA,NA,NA,NA,NA,NA
"A1004",NA,NA,NA,NA,NA,NA,NA,NA,NA,NA,NA,"Pleural effusion right",NA,NA,NA,NA,NA,NA,NA,NA
"A1004",NA,NA,NA,NA,NA,NA,NA,NA,NA,NA,NA,"Pleuritis carcinomatosa",NA,NA,NA,NA,NA,NA,NA,NA
"A1004",NA,NA,2018-03-19,"Drug concentration",150,711,29.5,NA,NA,NA,NA,NA,95,70,42,9,28,"27",69,27
"A1004",NA,NA,2018-04-26,"CT scan",NA,NA,NA,NA,NA,16,NA,"Primary tumour RUL",NA,NA,NA,NA,NA,NA,NA,NA
"A1004",NA,NA,NA,NA,NA,NA,NA,NA,NA,NA,NA,"Pleural effusion right (during drainage)",NA,NA,NA,NA,NA,NA,NA,NA
"A1004",NA,NA,NA,NA,NA,NA,NA,NA,NA,NA,NA,"Pleuritis carcinomatosa",NA,NA,NA,NA,NA,NA,NA,NA
"A1004",NA,NA,2018-04-30,"Drug concentration",150,2396,2,NA,NA,NA,NA,NA,109,59,31,15,26,"25",61,25
"A1004",NA,NA,2018-06-07,"CT scan",NA,NA,NA,NA,NA,16,NA,"Primary tumour RUL",NA,NA,NA,NA,NA,NA,NA,NA
"A1004",NA,NA,NA,NA,NA,NA,NA,NA,NA,NA,NA,"Pleural effusion right (during drainage)",NA,NA,NA,NA,NA,NA,NA,NA
"A1004",NA,NA,NA,NA,NA,NA,NA,NA,NA,NA,NA,"Pleuritis carcinomatosa",NA,NA,NA,NA,NA,NA,NA,NA
"A1004",NA,NA,2018-06-12,"CT scan",NA,NA,NA,NA,NA,16,NA,"Primary tumour RUL",NA,NA,NA,NA,NA,NA,NA,NA
"A1004",NA,NA,NA,NA,NA,NA,NA,NA,NA,NA,NA,"Pleural effusion right (during drainage)",NA,NA,NA,NA,NA,NA,NA,NA
"A1004",NA,NA,NA,NA,NA,NA,NA,NA,NA,NA,NA,"Pleuritis carcinomatosa",NA,NA,NA,NA,NA,NA,NA,NA
"A1004",NA,NA,NA,NA,NA,NA,NA,NA,NA,NA,NA,"Pleural effusion left",NA,NA,NA,NA,NA,NA,NA,NA
"A1004",NA,NA,2018-06-08,"stop erlotinib",NA,NA,NA,NA,NA,NA,NA,NA,NA,NA,NA,NA,NA,NA,NA,NA
"A1004",NA,NA,2018-06-13,"Drug concentration",150,575,128,NA,NA,NA,NA,NA,233,24,19,8,40,"60",70,60
"A1004",NA,NA,2018-07-02,"Death",NA,NA,NA,NA,NA,NA,NA,NA,NA,NA,NA,NA,NA,NA,NA,NA
"A1006","M",NA,NA,NA,NA,NA,NA,NA,"EGFR exon 19 p.(L747_T751del) and EGFR exon 20 p.V769M, c.2305G>A (80%) + TP53 p.N310Tfs*35, c.927_928delinsG (71%)",NA,NA,NA,NA,NA,NA,NA,NA,NA,NA,NA
"A1006",NA,NA,2017-01-05,"CT baseline",NA,NA,NA,NA,NA,45,NA,"Primary tumour LUL",NA,NA,NA,NA,NA,NA,NA,NA
"A1006",NA,NA,2017-01-05,NA,NA,NA,NA,NA,NA,17.6,NA,"Liver segment 1",NA,NA,NA,NA,NA,NA,NA,NA
"A1006",NA,NA,2017-01-05,NA,NA,NA,NA,NA,NA,20,NA,"Liver segment 6",NA,NA,NA,NA,NA,NA,NA,NA
"A1006",NA,NA,2017-01-05,NA,NA,NA,NA,NA,NA,15,NA,"Adrenal gland",NA,NA,NA,NA,NA,NA,NA,NA
"A1006",NA,NA,2017-01-25,"Dose start",150,NA,NA,NA,NA,NA,NA,NA,96,70,44,13,21,"20",84,20
"A1006",NA,"bisoprolol 5mg 1d, minocycline 100mg 1d, nadroparine 19000IE 1d, omeprazol 20mg 1d, telmisartan 80mg 1d",2017-02-15,"CT scan",NA,NA,NA,NA,NA,24,NA,"Primary tumour LUL",NA,NA,NA,NA,NA,NA,NA,NA
"A1006",NA,NA,2017-02-15,NA,NA,NA,NA,NA,NA,NA,NA,"Liver segment 1",NA,NA,NA,NA,NA,NA,NA,NA
"A1006",NA,NA,2017-02-15,NA,NA,NA,NA,NA,NA,NA,NA,"Liver segment 6",NA,NA,NA,NA,NA,NA,NA,NA
"A1006",NA,NA,2017-02-15,NA,NA,NA,NA,NA,NA,NA,NA,"Adrenal gland",NA,NA,NA,NA,NA,NA,NA,NA
"A1006",NA,NA,2017-03-27,"CT scan",NA,NA,NA,NA,NA,19,NA,"Primary tumour LUL",109,60,39,15,25,"32",254,32
"A1006",NA,NA,2017-03-27,NA,NA,NA,NA,NA,NA,6.5,NA,"Liver segment 1",NA,NA,NA,NA,NA,NA,NA,NA
"A1006",NA,NA,2017-03-27,NA,NA,NA,NA,NA,NA,11,NA,"Liver segment 6",NA,NA,NA,NA,NA,NA,NA,NA
"A1006",NA,NA,2017-03-27,NA,NA,NA,NA,NA,NA,0,NA,"Adrenal gland",NA,NA,NA,NA,NA,NA,NA,NA
"A1006",NA,NA,2017-05-12,"Dose reduction",100,NA,NA,NA,NA,NA,NA,NA,NA,NA,NA,NA,NA,NA,NA,NA
"A1006",NA,NA,2017-05-22,"CT scan",100,NA,NA,NA,NA,16,NA,"Primary tumour LUL",98,68,43,20,32,"44",55,44
"A1006",NA,NA,2017-05-22,NA,NA,NA,NA,NA,NA,0,NA,"Liver segment 1",NA,NA,NA,NA,NA,NA,NA,NA
"A1006",NA,NA,2017-05-22,NA,NA,NA,NA,NA,NA,7,NA,"Liver segment 6",NA,NA,NA,NA,NA,NA,NA,NA
"A1006",NA,NA,2017-05-22,NA,NA,NA,NA,NA,NA,0,NA,"Adrenal gland",NA,NA,NA,NA,NA,NA,NA,NA
"A1006",NA,NA,2017-08-09,"CT scan",100,NA,NA,NA,NA,17,NA,"Primary tumour LUL",NA,NA,NA,NA,NA,NA,NA,NA
"A1006",NA,NA,2017-08-09,NA,NA,NA,NA,NA,NA,0,NA,"Liver segment 1",NA,NA,NA,NA,NA,NA,NA,NA
"A1006",NA,NA,2017-08-09,NA,NA,NA,NA,NA,NA,7,NA,"Liver segment 6",NA,NA,NA,NA,NA,NA,NA,NA
"A1006",NA,NA,2017-08-09,NA,NA,NA,NA,NA,NA,0,NA,"Adrenal gland",NA,NA,NA,NA,NA,NA,NA,NA
"A1006",NA,NA,2017-09-25,"CT scan",100,NA,NA,NA,NA,17,NA,"Primary tumour LUL",NA,NA,NA,NA,NA,NA,NA,NA
"A1006",NA,NA,2017-09-25,NA,NA,NA,NA,NA,NA,0,NA,"Liver segment 1",NA,NA,NA,NA,NA,NA,NA,NA
"A1006",NA,NA,2017-09-25,NA,NA,NA,NA,NA,NA,7,NA,"Liver segment 6",NA,NA,NA,NA,NA,NA,NA,NA
"A1006",NA,NA,2017-09-25,NA,NA,NA,NA,NA,NA,0,NA,"Adrenal gland",NA,NA,NA,NA,NA,NA,NA,NA
"A1006",NA,NA,2017-11-22,"CT scan",100,NA,NA,NA,NA,17,NA,"Primary tumour LUL",99,67,47,21,18,"18",62,18
"A1006",NA,NA,2017-11-22,NA,NA,NA,NA,NA,NA,0,NA,"Liver segment 1",NA,NA,NA,NA,NA,NA,NA,NA
"A1006",NA,NA,2017-11-22,NA,NA,NA,NA,NA,NA,7,NA,"Liver segment 6",NA,NA,NA,NA,NA,NA,NA,NA
"A1006",NA,NA,2017-11-22,NA,NA,NA,NA,NA,NA,0,NA,"Adrenal gland",NA,NA,NA,NA,NA,NA,NA,NA
"A1006",NA,NA,2018-01-09,"CT scan",100,NA,NA,NA,NA,17,NA,"Primary tumour LUL",NA,NA,NA,NA,NA,NA,NA,NA
"A1006",NA,NA,2018-01-09,NA,NA,NA,NA,NA,NA,0,NA,"Liver segment 1",NA,NA,NA,NA,NA,NA,NA,NA
"A1006",NA,NA,2018-01-09,NA,NA,NA,NA,NA,NA,7,NA,"Liver segment 6",NA,NA,NA,NA,NA,NA,NA,NA
"A1006",NA,NA,2018-01-09,NA,NA,NA,NA,NA,NA,0,NA,"Adrenal gland",NA,NA,NA,NA,NA,NA,NA,NA
"A1006",NA,NA,2018-01-10,"Drug concentration",100,1317,24,NA,NA,NA,NA,NA,97,69,44,17,24,"20",63,20
"A1006",NA,NA,2018-03-14,"CT scan progression",100,NA,NA,1.72,"Primary EGFR (VAF 1,97) + EGFR p.V769M (1,06%)",17,NA,"Primary tumour LUL",NA,NA,NA,NA,NA,NA,NA,NA
"A1006",NA,NA,2018-03-14,NA,NA,NA,NA,NA,NA,0,NA,"Liver segment 1",NA,NA,NA,NA,NA,NA,NA,NA
"A1006",NA,NA,2018-03-14,NA,NA,NA,NA,NA,NA,7,NA,"Liver segment 6",NA,NA,NA,NA,NA,NA,NA,NA
"A1006",NA,NA,2018-03-14,NA,NA,NA,NA,NA,NA,0,NA,"Adrenal gland",NA,NA,NA,NA,NA,NA,NA,NA
"A1006",NA,NA,2018-03-14,NA,NA,NA,NA,NA,NA,8,NA,"Th 8 spine",NA,NA,NA,NA,NA,NA,NA,NA
"A1006",NA,NA,2018-04-12,NA,NA,NA,NA,NA,"EGFR (NM_005228) exon 20: c.2305G>A; p.V769M (83%), TP53 (NM_000546) exon 9: c.927_929delinsGA; p.N310Tfs*35 (63%)",NA,NA,NA,NA,NA,NA,NA,NA,NA,NA,NA
"A1006",NA,NA,NA,NA,NA,NA,NA,NA,"EGFR exon 19 p.(L747_T751del) (81%) and EGFR exon 20 p.V769M, c.2305G>A (83%) + TP53 p.N310Tfs*35, c.927_928delinsG (63%) + EGFR exon 20: c.2369C>T; p.T790M (14%)",NA,NA,NA,NA,NA,NA,NA,NA,NA,NA,NA
"A1007","M",NA,NA,NA,NA,NA,NA,NA,"EGFR exon 19 p.E746_A750del.",NA,NA,NA,NA,NA,NA,NA,NA,NA,NA,NA
"A1007",NA,NA,2017-11-22,"CT baseline",NA,NA,NA,NA,NA,41,NA,"Primary tumour LUL",97,72,51,7,35,"35",76,35
"A1007",NA,NA,2017-11-22,NA,NA,NA,NA,NA,NA,15.3,NA,"Lymph node N6",NA,NA,NA,NA,NA,NA,NA,NA
"A1007",NA,NA,2017-11-22,NA,NA,NA,NA,NA,NA,6.5,NA,"Metastasis LOL1",NA,NA,NA,NA,NA,NA,NA,NA
"A1007",NA,NA,2017-11-22,NA,NA,NA,NA,NA,NA,12.4,NA,"Metastasis LOL2",NA,NA,NA,NA,NA,NA,NA,NA
"A1007",NA,NA,2017-11-22,NA,NA,NA,NA,NA,NA,11,NA,"Metastasis LOL3",NA,NA,NA,NA,NA,NA,NA,NA
"A1007",NA,"ezetimib 10mg 1d, metoprolol 50mg 1d, nifidipine 30mg 1d, rosuvastatine 10mg 1d",2017-12-12,"Dose start",150,NA,NA,3.07,"EGFR exon 19 p.E746_A750del. (VAF 2,14) + TP53 p.R273H (0,06%, 3 mol)",NA,NA,NA,NA,NA,NA,NA,NA,NA,NA,NA
"A1007",NA,"start minocycline 100mg 1d",2017-12-21,NA,150,1665,26.5,NA,NA,NA,NA,NA,84,86,46,15,33,"41",69,41
"A1007",NA,NA,2018-01-19,"CT scan",150,1415,30.5,1.54,"No primary EGFR mutation",32,NA,"Primary tumour LUL",80,90,44,11,47,"60",63,60
"A1007",NA,NA,2018-01-19,NA,NA,NA,NA,NA,NA,10.5,NA,"Lymph node N6",NA,NA,NA,NA,NA,NA,NA,NA
"A1007",NA,NA,2018-01-19,NA,NA,NA,NA,NA,NA,3.5,NA,"Metastasis LOL1",NA,NA,NA,NA,NA,NA,NA,NA
"A1007",NA,NA,2018-01-19,NA,NA,NA,NA,NA,NA,6.1,NA,"Metastasis LOL2",NA,NA,NA,NA,NA,NA,NA,NA
"A1007",NA,NA,2018-01-19,NA,NA,NA,NA,NA,NA,5.6,NA,"Metastasis LOL3",NA,NA,NA,NA,NA,NA,NA,NA
"A1007",NA,NA,2018-02-12,"Drug concentration",150,1481,26,NA,NA,NA,NA,NA,87,82,46,9,57,"106",58,106
"A1007",NA,NA,2018-03-06,"CT scan",150,1834,25,1.18,"No primary EGFR mutation",32,NA,"Primary tumour LUL",89,80,45,19,104,"234",58,234
"A1007",NA,NA,2018-03-06,NA,NA,NA,NA,NA,NA,9,NA,"Lymph node N6",NA,NA,NA,NA,NA,NA,NA,NA
"A1007",NA,NA,2018-03-06,NA,NA,NA,NA,NA,NA,3.5,NA,"Metastasis LOL1",NA,NA,NA,NA,NA,NA,NA,NA
"A1007",NA,NA,2018-03-06,NA,NA,NA,NA,NA,NA,6.1,NA,"Metastasis LOL2",NA,NA,NA,NA,NA,NA,NA,NA
"A1007",NA,NA,2018-03-06,NA,NA,NA,NA,NA,NA,5.6,NA,"Metastasis LOL3",NA,NA,NA,NA,NA,NA,NA,NA
"A1007",NA,NA,2018-04-16,"CT scan",150,NA,NA,NA,NA,32,NA,"Primary tumour LUL",92,77,45,21,67,"88",66,88
"A1007",NA,NA,2018-04-16,NA,NA,NA,NA,NA,NA,9,NA,"Lymph node N6",NA,NA,NA,NA,NA,NA,NA,NA
"A1007",NA,NA,2018-04-16,NA,NA,NA,NA,NA,NA,3.5,NA,"Metastasis LOL1",NA,NA,NA,NA,NA,NA,NA,NA
"A1007",NA,NA,2018-04-16,NA,NA,NA,NA,NA,NA,6.1,NA,"Metastasis LOL2",NA,NA,NA,NA,NA,NA,NA,NA
"A1007",NA,NA,2018-04-16,NA,NA,NA,NA,NA,NA,5.6,NA,"Metastasis LOL3",NA,NA,NA,NA,NA,NA,NA,NA
"A1007",NA,NA,2018-05-28,"CT scan",150,1429,25.5,NA,NA,32,NA,"Primary tumour LUL",79,90,44,10,40,"58",56,58
"A1007",NA,NA,2018-05-28,NA,NA,NA,NA,NA,NA,9,NA,"Lymph node N6",NA,NA,NA,NA,NA,NA,NA,NA
"A1007",NA,NA,2018-05-28,NA,NA,NA,NA,NA,NA,2.4,NA,"Metastasis LOL1",NA,NA,NA,NA,NA,NA,NA,NA
"A1007",NA,NA,2018-05-28,NA,NA,NA,NA,NA,NA,3.8,NA,"Metastasis LOL2",NA,NA,NA,NA,NA,NA,NA,NA
"A1007",NA,NA,2018-05-28,NA,NA,NA,NA,NA,NA,0,NA,"Metastasis LOL3",NA,NA,NA,NA,NA,NA,NA,NA
"A1007",NA,NA,2018-07-09,"CT scan",150,1361,25.5,NA,NA,32,NA,"Primary tumour LUL",83,87,45,22,32,"36",56,36
"A1007",NA,NA,2018-07-09,NA,NA,NA,NA,NA,NA,9,NA,"Lymph node N6",NA,NA,NA,NA,NA,NA,NA,NA
"A1007",NA,NA,2018-07-09,NA,NA,NA,NA,NA,NA,2.6,NA,"Metastasis LOL1",NA,NA,NA,NA,NA,NA,NA,NA
"A1007",NA,NA,2018-07-09,NA,NA,NA,NA,NA,NA,4,NA,"Metastasis LOL2",NA,NA,NA,NA,NA,NA,NA,NA
"A1007",NA,NA,2018-07-09,NA,NA,NA,NA,NA,NA,0,NA,"Metastasis LOL3",NA,NA,NA,NA,NA,NA,NA,NA
"A1007",NA,NA,2018-08-20,"CT scan",150,1566,26.5,NA,NA,32,NA,"Primary tumour LUL",91,78,46,20,37,"43",55,43
"A1007",NA,NA,2018-08-20,NA,NA,NA,NA,NA,NA,9,NA,"Lymph node N6",NA,NA,NA,NA,NA,NA,NA,NA
"A1007",NA,NA,2018-08-20,NA,NA,NA,NA,NA,NA,2.6,NA,"Metastasis LOL1",NA,NA,NA,NA,NA,NA,NA,NA
"A1007",NA,NA,2018-08-20,NA,NA,NA,NA,NA,NA,4,NA,"Metastasis LOL2",NA,NA,NA,NA,NA,NA,NA,NA
"A1007",NA,NA,2018-08-20,NA,NA,NA,NA,NA,NA,0,NA,"Metastasis LOL3",NA,NA,NA,NA,NA,NA,NA,NA
"A1007",NA,NA,2018-10-02,"CT scan",150,2481,2.5,NA,NA,32,NA,"Primary tumour LUL",84,85,46,25,38,"42",58,42
"A1007",NA,NA,2018-10-02,NA,NA,NA,NA,NA,NA,9,NA,"Lymph node N6",NA,NA,NA,NA,NA,NA,NA,NA
"A1007",NA,NA,2018-10-02,NA,NA,NA,NA,NA,NA,2,NA,"Metastasis LOL1",NA,NA,NA,NA,NA,NA,NA,NA
"A1007",NA,NA,2018-10-02,NA,NA,NA,NA,NA,NA,4,NA,"Metastasis LOL2",NA,NA,NA,NA,NA,NA,NA,NA
"A1007",NA,NA,2018-10-02,NA,NA,NA,NA,NA,NA,0,NA,"Metastasis LOL3",NA,NA,NA,NA,NA,NA,NA,NA
"A1007",NA,NA,2018-11-08,"CT scan",150,1332,25.3,NA,NA,32,NA,"Primary tumour LUL",88,81,47,27,35,"40",58,40
"A1007",NA,NA,2018-11-08,NA,NA,NA,NA,NA,NA,9,NA,"Lymph node N6",NA,NA,NA,NA,NA,NA,NA,NA
"A1007",NA,NA,2018-11-08,NA,NA,NA,NA,NA,NA,2,NA,"Metastasis LOL1",NA,NA,NA,NA,NA,NA,NA,NA
"A1007",NA,NA,2018-11-08,NA,NA,NA,NA,NA,NA,4,NA,"Metastasis LOL2",NA,NA,NA,NA,NA,NA,NA,NA
"A1007",NA,NA,2018-11-08,NA,NA,NA,NA,NA,NA,0,NA,"Metastasis LOL3",NA,NA,NA,NA,NA,NA,NA,NA
"A1007",NA,NA,2018-12-21,"CT scan",150,1293,25,NA,NA,32,NA,"Primary tumour LUL",84,85,46,18,33,"36",59,36
"A1007",NA,NA,2018-12-21,NA,NA,NA,NA,NA,NA,9,NA,"Lymph node N6",NA,NA,NA,NA,NA,NA,NA,NA
"A1007",NA,NA,2018-12-21,NA,NA,NA,NA,NA,NA,3.5,NA,"Metastasis LOL1",NA,NA,NA,NA,NA,NA,NA,NA
"A1007",NA,NA,2018-12-21,NA,NA,NA,NA,NA,NA,5.9,NA,"Metastasis LOL2",NA,NA,NA,NA,NA,NA,NA,NA
"A1007",NA,NA,2018-12-21,NA,NA,NA,NA,NA,NA,0,NA,"Metastasis LOL3",NA,NA,NA,NA,NA,NA,NA,NA
"A1007",NA,NA,2019-02-04,"CT scan progression",150,1602,26,NA,"Primary EGFR mutation 0,18% + NRAS p.Q61K 0,13%",36,NA,"Primary tumour LUL",84,85,44,10,31,"32",60,32
"A1007",NA,NA,2019-02-04,NA,NA,NA,NA,NA,NA,10,NA,"Lymph node N6",NA,NA,NA,NA,NA,NA,NA,NA
"A1007",NA,NA,2019-02-04,NA,NA,NA,NA,NA,NA,5.1,NA,"Metastasis LOL1",NA,NA,NA,NA,NA,NA,NA,NA
"A1007",NA,NA,2019-02-04,NA,NA,NA,NA,NA,NA,6.2,NA,"Metastasis LOL2",NA,NA,NA,NA,NA,NA,NA,NA
"A1007",NA,NA,2019-02-04,NA,NA,NA,NA,NA,NA,0,NA,"Metastasis LOL3",NA,NA,NA,NA,NA,NA,NA,NA
"A1007",NA,NA,2019-02-04,NA,NA,NA,NA,NA,NA,5.6,NA,"Metastasis LUL",NA,NA,NA,NA,NA,NA,NA,NA
"A1007",NA,NA,2019-02-26,NA,NA,NA,NA,NA,"EGFR exon 19 p.E746_A750del. (50%) + TP53 p.R273H (44%)",NA,NA,NA,NA,NA,NA,NA,NA,NA,NA,NA
"A1007",NA,NA,2019-04-02,"CT scan",150,1982,1.5,NA,NA,36,NA,"Primary tumour LUL",86,83,45,NA,48,"58",61,58
"A1007",NA,NA,2019-04-02,NA,NA,NA,NA,NA,NA,10,NA,"Lymph node N6",NA,NA,NA,NA,NA,NA,NA,NA
"A1007",NA,NA,2019-04-02,NA,NA,NA,NA,NA,NA,5.1,NA,"Metastasis LOL1",NA,NA,NA,NA,NA,NA,NA,NA
"A1007",NA,NA,2019-04-02,NA,NA,NA,NA,NA,NA,6.2,NA,"Metastasis LOL2",NA,NA,NA,NA,NA,NA,NA,NA
"A1007",NA,NA,2019-04-02,NA,NA,NA,NA,NA,NA,0,NA,"Metastasis LOL3",NA,NA,NA,NA,NA,NA,NA,NA
"A1007",NA,NA,2019-04-02,NA,NA,NA,NA,NA,NA,6.2,NA,"Metastasis LUL",NA,NA,NA,NA,NA,NA,NA,NA
"A1007",NA,NA,2019-04-02,NA,NA,NA,NA,NA,NA,5.2,NA,"Metastasis LOL4",NA,NA,NA,NA,NA,NA,NA,NA
"A1007",NA,NA,2019-05-13,"CT scan",150,2122,1.75,2.21,"Primary EGFR mutation (VAF 0,51) + exon 20 p.T790M (VAF 0,15) + TP53 p.R337C (0,16%, 6 mol)",36,NA,"Primary tumour LUL",88,80,48,18,68,"84",60,84
"A1007",NA,NA,2019-05-13,NA,NA,NA,NA,NA,NA,10,NA,"Lymph node N6",NA,NA,NA,NA,NA,NA,NA,NA
"A1007",NA,NA,2019-05-13,NA,NA,NA,NA,NA,NA,5.1,NA,"Metastasis LOL1",NA,NA,NA,NA,NA,NA,NA,NA
"A1007",NA,NA,2019-05-13,NA,NA,NA,NA,NA,NA,6.2,NA,"Metastasis LOL2",NA,NA,NA,NA,NA,NA,NA,NA
"A1007",NA,NA,2019-05-13,NA,NA,NA,NA,NA,NA,0,NA,"Metastasis LOL3",NA,NA,NA,NA,NA,NA,NA,NA
"A1007",NA,NA,2019-05-13,NA,NA,NA,NA,NA,NA,6.2,NA,"Metastasis LUL",NA,NA,NA,NA,NA,NA,NA,NA
"A1007",NA,NA,2019-05-13,NA,NA,NA,NA,NA,NA,5.9,NA,"Metastasis LOL4",NA,NA,NA,NA,NA,NA,NA,NA
"A1008","F",NA,NA,NA,NA,NA,NA,NA,"EGFR exon 19 p.(L747_T751delinsP) + TP53 p.M237Ifs*9, c.711_714del (29%)",NA,NA,NA,NA,NA,NA,NA,NA,NA,NA,NA
"A1008",NA,NA,2017-11-23,"CT baseline",NA,NA,NA,NA,NA,40,NA,"Primary tumour right hilus",NA,NA,NA,NA,NA,NA,NA,NA
"A1008",NA,NA,2017-11-23,NA,NA,NA,NA,NA,NA,21,NA,"Liver metastasis",NA,NA,NA,NA,NA,NA,NA,NA
"A1008",NA,"ciclopirox (LOPROX) 10mg/g creme, Gebruik zonodig elke 12 uur (2 x daags op de huid) op de huid
erlotinib (TARCEVA) 150mg tablet, 150 mg, oraal, 1dd
Lanettecrème met 10% vaseline, Gebruik volgens toedieningsinstructies op de huid
metronidazol 10MG/G gel steriel, Gebruik 2x per dag: in de ochtend en de avond op de huid
minocycline 100MG tablet, 100 mg, oraal, 1dd
mometason (ELOCON VET) 1MG/G vet water emulgerende zalf, Gebruik 1x per dag op de huid
ciclopirox (LOPROX) 10mg/g creme, Gebruik zonodig elke 12 uur (2 x daags op de huid) op de huid
erlotinib (TARCEVA) 150mg tablet, 150 mg, oraal, 1dd
Lanettecrème met 10% vaseline, Gebruik volgens toedieningsinstructies op de huid
metronidazol 10MG/G gel steriel, Gebruik 2x per dag: in de ochtend en de avond op de huid
minocycline 100MG tablet, 100 mg, oraal, 1dd
mometason (ELOCON VET) 1MG/G vet water emulgerende zalf, Gebruik 1x per dag op de huid
ciclopirox (LOPROX) 10mg/g creme, Gebruik zonodig elke 12 uur (2 x daags op de huid) op de huid
erlotinib (TARCEVA) 150mg tablet, 150 mg, oraal, 1dd
Lanettecrème met 10% vaseline, Gebruik volgens toedieningsinstructies op de huid
metronidazol 10MG/G gel steriel, Gebruik 2x per dag: in de ochtend en de avond op de huid
minocycline 100MG tablet, 100 mg, oraal, 1dd
mometason (ELOCON VET) 1MG/G vet water emulgerende zalf, Gebruik 1x per dag op de huid
",2017-12-20,"Dose start",150,NA,NA,0.85,"Primary EGFR mutation VAF 0,16",NA,NA,NA,65,88,43,9,23,"17",104,17
"A1008",NA,NA,2018-01-03,"Drug concentration",NA,1734,24,NA,NA,NA,NA,NA,70,80,41,NA,22,"19",97,19
"A1008",NA,NA,2018-01-17,"Drug concentration",NA,1551,24.5,NA,NA,NA,NA,NA,70,80,41,NA,29,"34",97,34
"A1008",NA,NA,2018-01-31,"CT scan",150,NA,NA,0.82,"No primary EGFR mutation",28,NA,"Primary tumour right hilus",64,89,40,14,27,"31",106,31
"A1008",NA,NA,2018-01-31,NA,NA,NA,NA,NA,NA,12,NA,"Liver metastasis",NA,NA,NA,NA,NA,NA,NA,NA
"A1008",NA,NA,2018-02-19,"Drug concentration",NA,1486,23.75,NA,NA,NA,NA,NA,71,79,40,15,31,"32",101,32
"A1008",NA,NA,2018-03-15,"CT scan",150,1339,23.75,1.12,"No primary EGFR mutation",23,NA,"Primary tumour right hilus",63,90,40,11,40,"44",98,44
"A1008",NA,NA,2018-03-15,NA,NA,NA,NA,NA,NA,6.2,NA,"Liver metastasis",NA,NA,NA,NA,NA,NA,NA,NA
"A1008",NA,NA,2018-04-23,"CT scan",150,1326,25.5,NA,NA,23,NA,"Primary tumour right hilus",72,77,41,18,28,"23",81,23
"A1008",NA,NA,2018-04-23,NA,NA,NA,NA,NA,NA,6,NA,"Liver metastasis",NA,NA,NA,NA,NA,NA,NA,NA
"A1008",NA,NA,2018-06-01,"CT scan",150,1337,24,NA,NA,23,NA,"Primary tumour right hilus",71,79,41,19,25,"22",83,22
"A1008",NA,NA,2018-06-01,NA,NA,NA,NA,NA,NA,6,NA,"Liver metastasis",NA,NA,NA,NA,NA,NA,NA,NA
"A1008",NA,NA,2018-07-26,"CT scan",150,1549,24,NA,NA,22,NA,"Primary tumour right hilus",70,80,41,11,24,"22",83,22
"A1008",NA,NA,2018-07-26,NA,NA,NA,NA,NA,NA,6,NA,"Liver metastasis",NA,NA,NA,NA,NA,NA,NA,NA
"A1008",NA,NA,2018-09-07,"CT scan",150,1471,24.5,NA,NA,25,NA,"Primary tumour right hilus",76,72,41,16,27,"25",93,25
"A1008",NA,NA,2018-09-07,NA,NA,NA,NA,NA,NA,6,NA,"Liver metastasis",NA,NA,NA,NA,NA,NA,NA,NA
"A1008",NA,NA,2018-10-23,"Drug concentration",NA,1367,24,NA,NA,NA,NA,NA,72,77,40,12,30,"33",88,33
"A1008",NA,NA,2018-12-03,"CT scan",150,1584,24.5,NA,NA,25,NA,"Primary tumour right hilus",71,79,42,19,27,"26",90,26
"A1008",NA,NA,2018-12-03,NA,NA,NA,NA,NA,NA,6,NA,"Liver metastasis",NA,NA,NA,NA,NA,NA,NA,NA
"A1008",NA,NA,2019-02-25,"CT scan",150,1270,24,NA,NA,25,NA,"Primary tumour right hilus",76,72,43,NA,24,"24",93,24
"A1008",NA,NA,2019-02-25,NA,NA,NA,NA,NA,NA,6,NA,"Liver metastasis",NA,NA,NA,NA,NA,NA,NA,NA
"A1008",NA,NA,2019-05-20,"CT scan",150,1121,23.67,NA,NA,25,NA,"Primary tumour right hilus",75,73,39,10,28,"24",91,24
"A1008",NA,NA,2019-05-20,NA,NA,NA,NA,NA,NA,8.7,NA,"Liver metastasis",NA,NA,NA,NA,NA,NA,NA,NA
"A1008",NA,NA,2019-08-12,"CT scan",150,NA,NA,NA,NA,25,NA,"Primary tumour right hilus",71,78,40,12,28,"23",99,23
"A1008",NA,NA,2019-08-12,NA,NA,NA,NA,NA,NA,14,NA,"Liver metastasis",NA,NA,NA,NA,NA,NA,NA,NA
"A1008",NA,NA,2019-11-04,"CT scan progression",150,NA,NA,1.7,"Primary EGFR mutation VAF 0,24",26,NA,"Primary tumour right hilus",75,73,42,14,29,"30",118,30
"A1008",NA,NA,2019-11-04,NA,NA,NA,NA,NA,NA,20,NA,"Liver metastasis",NA,NA,NA,NA,NA,NA,NA,NA
"A1008",NA,NA,NA,NA,NA,NA,NA,NA,NA,NA,NA,NA,NA,NA,NA,NA,NA,NA,NA,NA
"A1009","F",NA,NA,NA,NA,NA,NA,NA,"EGFR exon 19 p.(E746_A750del) + TP53 p.R248L, c.743G>T PIK3CA p.E545Q, c.1633G>C PTEN p.R130*, c.388_400del",NA,NA,NA,NA,NA,NA,NA,NA,NA,NA,NA
"A1009",NA,NA,2017-11-24,"CT baseline",NA,NA,NA,NA,NA,46,36,"Primary tumour RUL",NA,NA,NA,NA,NA,NA,NA,NA
"A1009",NA,NA,2017-11-24,NA,NA,NA,NA,NA,NA,5,NA,"Metastasis LUL",NA,NA,NA,NA,NA,NA,NA,NA
"A1009",NA,NA,2017-11-24,NA,NA,NA,NA,NA,NA,5,NA,"Metastasis LLL",NA,NA,NA,NA,NA,NA,NA,NA
"A1009",NA,NA,2017-11-24,NA,NA,NA,NA,NA,NA,17,NA,"LN mediastinum",NA,NA,NA,NA,NA,NA,NA,NA
"A1009",NA,NA,2017-11-24,NA,NA,NA,NA,NA,NA,18,NA,"LN vena cava",NA,NA,NA,NA,NA,NA,NA,NA
"A1009",NA,"cetomacrogolcreme vaseline 20% (cetomacrogolcreme vaseline) creme, zn 
colecalciferol (divisun) 800ie tablet, neem 1x per dag
gabapentine (mylan gabapentine) 600mg tablet, 600 mg, oraal, 4dd
gabapentine (neurontin) 300mg capsule, 300 mg, oraal, 4dd
lanette i creme, gebruik zonodig aanbrengen
macrogol/zouten (movicolon) poeder v dra, neem
modafinil (modiodal) 100mg tablet, 200 mg, oraal, 2dd
oxazepam 10mg tablet, 10 mg, oraal, zn 1dd
pantoprazol (pantozol) 40mg tablet msr, 40 mg, oraal, 1dd
paracetamol 1000mg tablet, 1.000 mg, oraal, zn 4dd
quetiapine (seroquel xr) 200mg tablet mga, 800 mg, oraal, 1dd
simvastatine (zocor) 40mg tablet fo, neem 1x per dag voor de nacht
zopiclon (imovane) 7,5mg tablet, 7,5 mg, oraal, zn voor de nacht
",2017-12-21,"Dose start",150,NA,NA,1.04,"EGFR exon 19 del (VAF 10,29) + TP53 p.R248L (5,39%, 93 mol),PIk3CA p.E542K PIk3CA p.E542K (0,23, 4 mol), PIK3CA p.E545Q ( 5.96%, 102 mol)",NA,NA,NA,66,83,45,3,32,"28",84,28
"A1009",NA,NA,2018-01-03,"Drug concentration",150,646,24.5,NA,NA,NA,NA,NA,73,74,47,5,27,"19",105,19
"A1009",NA,NA,2018-01-17,"Drug concentration",150,817,25,NA,NA,NA,NA,NA,80,66,44,7,22,"14",91,14
"A1009",NA,NA,2018-01-30,"CT scan",150,NA,NA,1.68,"No primary EGFR mutation",31,24,"Primary tumour RUL",66,83,43,5,30,"25",85,25
"A1009",NA,NA,2018-01-30,NA,NA,NA,NA,NA,NA,0,NA,"Metastasis LUL",NA,NA,NA,NA,NA,NA,NA,NA
"A1009",NA,NA,2018-01-30,NA,NA,NA,NA,NA,NA,0,NA,"Metastasis LLL",NA,NA,NA,NA,NA,NA,NA,NA
"A1009",NA,NA,2018-01-30,NA,NA,NA,NA,NA,NA,9,NA,"LN mediastinum",NA,NA,NA,NA,NA,NA,NA,NA
"A1009",NA,NA,2018-01-30,NA,NA,NA,NA,NA,NA,10,NA,"LN vena cava",NA,NA,NA,NA,NA,NA,NA,NA
"A1009",NA,NA,2018-02-19,"Drug concentration",150,683,24.5,NA,NA,NA,NA,NA,64,87,43,4,25,"20",85,20
"A1009",NA,NA,2018-03-13,"CT scan",150,NA,NA,1.68,"Primary EGFR exon 19 del VAF 0,73",28,24,"Primary tumour RUL",72,75,46,6,33,"22",94,22
"A1009",NA,NA,2018-03-13,NA,NA,NA,NA,NA,NA,0,NA,"Metastasis LUL",NA,NA,NA,NA,NA,NA,NA,NA
"A1009",NA,NA,2018-03-13,NA,NA,NA,NA,NA,NA,0,NA,"Metastasis LLL",NA,NA,NA,NA,NA,NA,NA,NA
"A1009",NA,NA,2018-03-13,NA,NA,NA,NA,NA,NA,7,NA,"LN mediastinum",NA,NA,NA,NA,NA,NA,NA,NA
"A1009",NA,NA,2018-03-13,NA,NA,NA,NA,NA,NA,7,NA,"LN vena cava",NA,NA,NA,NA,NA,NA,NA,NA
"A1009",NA,NA,2018-04-24,"CT scan",150,697,26.3,NA,NA,28,24,"Primary tumour RUL",71,76,46,5,29,"18",79,18
"A1009",NA,NA,2018-04-24,NA,NA,NA,NA,NA,NA,0,NA,"Metastasis LUL",NA,NA,NA,NA,NA,NA,NA,NA
"A1009",NA,NA,2018-04-24,NA,NA,NA,NA,NA,NA,0,NA,"Metastasis LLL",NA,NA,NA,NA,NA,NA,NA,NA
"A1009",NA,NA,2018-04-24,NA,NA,NA,NA,NA,NA,7,NA,"LN mediastinum",NA,NA,NA,NA,NA,NA,NA,NA
"A1009",NA,NA,2018-04-24,NA,NA,NA,NA,NA,NA,7,NA,"LN vena cava",NA,NA,NA,NA,NA,NA,NA,NA
"A1009",NA,NA,2018-06-05,"CT scan",150,842,26.6,NA,NA,35,34,"Primary tumour RUL",76,70,45,6,41,"26",78,26
"A1009",NA,NA,2018-06-05,NA,NA,NA,NA,NA,NA,0,NA,"Metastasis LUL",NA,NA,NA,NA,NA,NA,NA,NA
"A1009",NA,NA,2018-06-05,NA,NA,NA,NA,NA,NA,0,NA,"Metastasis LLL",NA,NA,NA,NA,NA,NA,NA,NA
"A1009",NA,NA,2018-06-05,NA,NA,NA,NA,NA,NA,7,NA,"LN mediastinum",NA,NA,NA,NA,NA,NA,NA,NA
"A1009",NA,NA,2018-06-05,NA,NA,NA,NA,NA,NA,7,NA,"LN vena cava",NA,NA,NA,NA,NA,NA,NA,NA
"A1009",NA,NA,2018-07-12,"CT scan",150,1039,2,NA,NA,35,34,"Primary tumour RUL",49,90,44,7,NA,"17",75,17
"A1009",NA,NA,2018-07-12,NA,NA,NA,NA,NA,NA,0,NA,"Metastasis LUL",NA,NA,NA,NA,NA,NA,NA,NA
"A1009",NA,NA,2018-07-12,NA,NA,NA,NA,NA,NA,0,NA,"Metastasis LLL",NA,NA,NA,NA,NA,NA,NA,NA
"A1009",NA,NA,2018-07-12,NA,NA,NA,NA,NA,NA,7,NA,"LN mediastinum",NA,NA,NA,NA,NA,NA,NA,NA
"A1009",NA,NA,2018-07-12,NA,NA,NA,NA,NA,NA,7,NA,"LN vena cava",NA,NA,NA,NA,NA,NA,NA,NA
"A1009",NA,NA,2018-07-17,"progression",150,NA,NA,2.7,"Primary EGFR exon 19 del VAF 2,70 + exon 20 T790M 0,56 + TP53 p.R248L (1.6%, 51 mol),PIk3CA p.E542K (0,52%, 18 mol), PIK3CA p.E545Q ( 0.26%, 9 mol)",10,NA,"new palpable clavicular lymph nodes",NA,NA,NA,NA,NA,NA,NA,NA
"A1009",NA,NA,2018-08-20,NA,150,998,24,NA,NA,NA,NA,NA,71,76,42,6,27,"15",82,15
"A1009",NA,NA,NA,NA,NA,NA,NA,NA,"PIK3CA (NM_006218) exon 10: c.1633G>C; p.E545Q (34%), PTEN (NM_000314) exon 5: c.388_400del; p.R130* (73%), TP53 (NM_000546) exon 7: c.743G>T; p.R248L (53%)",NA,NA,NA,NA,NA,NA,NA,NA,NA,NA,NA
"A1011","F",NA,NA,NA,NA,NA,NA,NA,"EGFR exon 21 p.L858R + TP53 p.C242*, c.726_744del (77%)",NA,NA,NA,NA,NA,NA,NA,NA,NA,NA,NA
"A1011",NA,NA,2018-02-12,"CT baseline",NA,NA,NA,NA,NA,26,NA,"Hepatic metastasis",NA,NA,NA,NA,NA,NA,NA,NA
"A1011",NA,NA,2018-02-12,NA,NA,NA,NA,NA,NA,12,NA,"LN mediatinum",NA,NA,NA,NA,NA,NA,NA,NA
"A1011",NA,NA,2018-02-12,NA,NA,NA,NA,NA,NA,NA,NA,"Pleural effusion right",NA,NA,NA,NA,NA,NA,NA,NA
"A1011",NA,NA,2018-02-12,NA,NA,NA,NA,NA,NA,15,NA,"Hepatic metastasis segment 6",NA,NA,NA,NA,NA,NA,NA,NA
"A1011",NA,NA,2018-02-12,NA,NA,NA,NA,NA,NA,9,NA,"para-aortal LN",NA,NA,NA,NA,NA,NA,NA,NA
"A1011",NA,NA,2018-02-12,NA,NA,NA,NA,NA,NA,4,NA,"multiple pulmonary metastases",NA,NA,NA,NA,NA,NA,NA,NA
"A1011",NA,"CHLOORHEXIDINE /ML opl  1  cutaan, 1dd
domperidon (MOTILIUM) 10MG tablet,  10 mg, oraal, 3dd
- erlotinib (TARCEVA) 150mg tablet,  150 mg, oraal, 1dd
- ethinylestradiol/levonorgestrel (MICROGYNON) 30/150UG TABLET,  1 tablet, oraal, volgens toedieningsinstructies
- hydroCORTISON/ureum (CALMURID HC) 10/100mg/g creme,  cutaan, 2dd, Dun aanbrengen rondom de aangedane nagelriemen
- loperamide 2MG capsule,  2 mg, oraal, zn 4dd
- minocycline 100MG tablet,  100 mg, oraal, 1dd
- oxycodon (OXYNORM) 5MG capsule,  5 mg, oraal, zn 4dd
- povidon (VIDISIC) 50mg/ml oogdruppels,  1 druppel, beide ogen, 2dd
- tramadol 50MG,  50 mg, oraal, zn 3dd
",2018-03-01,"Dose start",150,NA,NA,NA,NA,NA,NA,NA,66,90,NA,3,24,"19",95,19
"A1011",NA,NA,2018-03-28,"Drug concentration",NA,701,27,NA,NA,NA,NA,NA,74,82,40,8,20,"15",140,15
"A1011",NA,NA,2018-04-10,"CT scan",NA,996,28,0.66,"EGFR exon 21 L858R VAF 0,66",18,NA,"Hepatic metastasis",76,80,40,13,23,"25",114,25
"A1011",NA,NA,2018-04-10,NA,NA,NA,NA,NA,NA,7,NA,"LN mediatinum",NA,NA,NA,NA,NA,NA,NA,NA
"A1011",NA,NA,2018-04-10,NA,NA,NA,NA,NA,NA,NA,NA,"Pleural effusion right",NA,NA,NA,NA,NA,NA,NA,NA
"A1011",NA,NA,2018-04-10,NA,NA,NA,NA,NA,NA,8,NA,"Hepatic metastasis segment 6",NA,NA,NA,NA,NA,NA,NA,NA
"A1011",NA,NA,2018-04-10,NA,NA,NA,NA,NA,NA,6,NA,"para-aortal LN",NA,NA,NA,NA,NA,NA,NA,NA
"A1011",NA,NA,2018-04-10,NA,NA,NA,NA,NA,NA,0,NA,"multiple pulmonary metastases",NA,NA,NA,NA,NA,NA,NA,NA
"A1011",NA,NA,2018-05-01,"Drug concentration",NA,1002,26,NA,NA,NA,NA,NA,74,82,39,8,20,"15",88,15
"A1011",NA,NA,2018-05-20,"CT scan",NA,1251,2.5,2.85,"No primary EGFR mutation",NA,NA,"Hepatic metastasis",73,84,41,9,24,"17",70,17
"A1011",NA,NA,2018-05-20,NA,NA,NA,NA,NA,NA,NA,NA,"LN mediatinum",NA,NA,NA,NA,NA,NA,NA,NA
"A1011",NA,NA,2018-05-20,NA,NA,NA,NA,NA,NA,NA,NA,"Pleural effusion right",NA,NA,NA,NA,NA,NA,NA,NA
"A1011",NA,NA,2018-05-20,NA,NA,NA,NA,NA,NA,NA,NA,"Hepatic metastasis segment 6",NA,NA,NA,NA,NA,NA,NA,NA
"A1011",NA,NA,2018-05-20,NA,NA,NA,NA,NA,NA,NA,NA,"para-aortal LN",NA,NA,NA,NA,NA,NA,NA,NA
"A1011",NA,NA,2018-05-20,NA,NA,NA,NA,NA,NA,0,NA,"multiple pulmonary metastases",NA,NA,NA,NA,NA,NA,NA,NA
"A1011",NA,NA,2018-07-01,"CT scan",NA,818,26.6,NA,NA,5,NA,"Hepatic metastasis",76,80,NA,12,24,"15",69,15
"A1011",NA,NA,2018-07-01,NA,NA,NA,NA,NA,NA,7,NA,"LN mediatinum",NA,NA,NA,NA,NA,NA,NA,NA
"A1011",NA,NA,2018-07-01,NA,NA,NA,NA,NA,NA,NA,NA,"Pleural effusion right",NA,NA,NA,NA,NA,NA,NA,NA
"A1011",NA,NA,2018-07-01,NA,NA,NA,NA,NA,NA,2,NA,"Hepatic metastasis segment 6",NA,NA,NA,NA,NA,NA,NA,NA
"A1011",NA,NA,2018-07-01,NA,NA,NA,NA,NA,NA,6,NA,"para-aortal LN",NA,NA,NA,NA,NA,NA,NA,NA
"A1011",NA,NA,2018-07-01,NA,NA,NA,NA,NA,NA,0,NA,"multiple pulmonary metastases",NA,NA,NA,NA,NA,NA,NA,NA
"A1011",NA,NA,2018-08-12,"CT scan",NA,836,26.5,NA,NA,0,NA,"Hepatic metastasis",81,74,39,8,29,"16",64,16
"A1011",NA,NA,2018-08-12,NA,NA,NA,NA,NA,NA,7,NA,"LN mediatinum",NA,NA,NA,NA,NA,NA,NA,NA
"A1011",NA,NA,2018-08-12,NA,NA,NA,NA,NA,NA,NA,NA,"Pleural effusion right",NA,NA,NA,NA,NA,NA,NA,NA
"A1011",NA,NA,2018-08-12,NA,NA,NA,NA,NA,NA,0,NA,"Hepatic metastasis segment 6",NA,NA,NA,NA,NA,NA,NA,NA
"A1011",NA,NA,2018-08-12,NA,NA,NA,NA,NA,NA,6,NA,"para-aortal LN",NA,NA,NA,NA,NA,NA,NA,NA
"A1011",NA,NA,2018-08-12,NA,NA,NA,NA,NA,NA,0,NA,"multiple pulmonary metastases",NA,NA,NA,NA,NA,NA,NA,NA
"A1011",NA,NA,2018-09-21,"progression",NA,794,26.3,0.47,"EGFR exon 21 L858R VAF 4,20 + exon 20 T790M VAF 2,95",0,NA,"Hepatic metastasis",73,84,40,7,27,"17",65,17
"A1011",NA,NA,2018-09-21,NA,NA,NA,NA,NA,NA,7,NA,"LN mediatinum",NA,NA,NA,NA,NA,NA,NA,NA
"A1011",NA,NA,2018-09-21,NA,NA,NA,NA,NA,NA,NA,NA,"Pleural effusion right",NA,NA,NA,NA,NA,NA,NA,NA
"A1011",NA,NA,2018-09-21,NA,NA,NA,NA,NA,NA,0,NA,"Hepatic metastasis segment 6",NA,NA,NA,NA,NA,NA,NA,NA
"A1011",NA,NA,2018-09-21,NA,NA,NA,NA,NA,NA,6,NA,"para-aortal LN",NA,NA,NA,NA,NA,NA,NA,NA
"A1011",NA,NA,2018-09-21,NA,NA,NA,NA,NA,NA,0,NA,"multiple pulmonary metastases",NA,NA,NA,NA,NA,NA,NA,NA
"A1011",NA,NA,NA,NA,NA,NA,NA,NA,NA,NA,NA,"two new hepatic metastses",NA,NA,NA,NA,NA,NA,NA,NA
"A1011",NA,NA,NA,NA,NA,NA,NA,NA,"TP53 (NM_000546) exon 7: c.726_744del; p.C242* (30%)",NA,NA,NA,NA,NA,NA,NA,NA,NA,NA,NA
"A1011",NA,NA,NA,NA,NA,NA,NA,NA,NA,NA,NA,NA,NA,NA,NA,NA,NA,NA,NA,NA
"A1011",NA,NA,NA,NA,NA,NA,NA,NA,NA,NA,NA,NA,NA,NA,NA,NA,NA,NA,NA,NA
"A1012","F",NA,NA,NA,NA,NA,NA,NA,"EGFR exon 21 p.L858R + CTNNB1 p.S37F, c.110C>T (33%)",NA,NA,NA,NA,NA,NA,NA,NA,NA,NA,NA
"A1012",NA,NA,2018-05-03,"CT baseline",NA,NA,NA,NA,NA,44,NA,"Hilar mass right",NA,NA,NA,NA,NA,NA,NA,NA
"A1012",NA,NA,2018-05-03,NA,NA,NA,NA,NA,NA,13,NA,"Pleural mass right",NA,NA,NA,NA,NA,NA,NA,NA
"A1012",NA,NA,2018-05-03,NA,NA,NA,NA,NA,NA,19,NA,"LN subcarinal",NA,NA,NA,NA,NA,NA,NA,NA
"A1012",NA,NA,2018-05-03,NA,NA,NA,NA,NA,NA,12,NA,"Leasion RLL",NA,NA,NA,NA,NA,NA,NA,NA
"A1012",NA,NA,2018-05-03,NA,NA,NA,NA,NA,NA,NA,NA,"Pleural effusion right",NA,NA,NA,NA,NA,NA,NA,NA
"A1012",NA,NA,NA,NA,NA,NA,NA,NA,NA,NA,NA,NA,NA,NA,NA,NA,NA,NA,NA,NA
"A1012",NA,NA,2018-06-04,"Dose start",NA,NA,NA,1.28,"No primary EGFR mutation",NA,NA,NA,59,90,38,5,37,"43",95,43
"A1012",NA,NA,2018-06-18,"Drug concentration",150,1233,25.75,NA,NA,NA,NA,NA,64,87,43,18,32,"29",111,29
"A1012",NA,NA,2018-07-03,"Drug concentration",100,554,26.5,NA,NA,NA,NA,NA,60,90,42,13,32,"27",93,27
"A1012",NA,"See comment",2018-07-17,"CT scan",100,464,26,1.16,"No primary EGFR mutation",37,NA,"Hilar mass right",57,90,40,12,29,"24",89,24
"A1012",NA,NA,2018-07-17,NA,NA,NA,NA,NA,NA,12,NA,"Pleural mass right",NA,NA,NA,NA,NA,NA,NA,NA
"A1012",NA,NA,2018-07-17,NA,NA,NA,NA,NA,NA,NA,NA,"LN subcarinal",NA,NA,NA,NA,NA,NA,NA,NA
"A1012",NA,NA,2018-07-17,NA,NA,NA,NA,NA,NA,10,NA,"Leasion RLL",NA,NA,NA,NA,NA,NA,NA,NA
"A1012",NA,NA,2018-07-17,NA,NA,NA,NA,NA,NA,NA,NA,"Pleural effusion right",NA,NA,NA,NA,NA,NA,NA,NA
"A1012",NA,NA,2018-08-07,"Drug concentration",100,425,27,NA,NA,NA,NA,NA,65,85,41,15,36,"30",95,30
"A1012",NA,NA,2018-08-27,"CT scan",100,637,26.17,1.85,"No primary EGFR mutation",33,NA,"Hilar mass right",68,80,42,16,35,"30",96,30
"A1012",NA,NA,2018-08-27,NA,NA,NA,NA,NA,NA,12,NA,"Pleural mass right",NA,NA,NA,NA,NA,NA,NA,NA
"A1012",NA,NA,2018-08-27,NA,NA,NA,NA,NA,NA,16,12,"LN subcarinal",NA,NA,NA,NA,NA,NA,NA,NA
"A1012",NA,NA,2018-08-27,NA,NA,NA,NA,NA,NA,9,NA,"Leasion RLL",NA,NA,NA,NA,NA,NA,NA,NA
"A1012",NA,NA,2018-08-27,NA,NA,NA,NA,NA,NA,NA,NA,"Pleural effusion right",NA,NA,NA,NA,NA,NA,NA,NA
"A1012",NA,NA,2018-10-09,"Drug concentration",100,500,26,NA,NA,NA,NA,NA,71,76,40,15,35,"34",102,34
"A1012",NA,NA,2018-11-19,"CT scan",100,501,26.25,NA,NA,30,NA,"Hilar mass right",72,75,43,16,32,"23",95,23
"A1012",NA,NA,2018-11-19,NA,NA,NA,NA,NA,NA,10,NA,"Pleural mass right",NA,NA,NA,NA,NA,NA,NA,NA
"A1012",NA,NA,2018-11-19,NA,NA,NA,NA,NA,NA,14,10,"LN subcarinal",NA,NA,NA,NA,NA,NA,NA,NA
"A1012",NA,NA,2018-11-19,NA,NA,NA,NA,NA,NA,9,NA,"Leasion RLL",NA,NA,NA,NA,NA,NA,NA,NA
"A1012",NA,NA,2018-11-19,NA,NA,NA,NA,NA,NA,NA,NA,"Pleural effusion right",NA,NA,NA,NA,NA,NA,NA,NA
"A1012",NA,NA,2019-01-03,"Drug concentration",100,631,26,NA,NA,NA,NA,NA,72,75,42,13,32,"26",94,26
"A1012",NA,NA,2019-02-11,"CT scan",100,462,25.83,NA,NA,26.2,15,"Hilar mass right",74,73,42,16,33,"30",85,30
"A1012",NA,NA,2019-02-11,NA,NA,NA,NA,NA,NA,10,NA,"Pleural mass right",NA,NA,NA,NA,NA,NA,NA,NA
"A1012",NA,NA,2019-02-11,NA,NA,NA,NA,NA,NA,14,10,"LN subcarinal",NA,NA,NA,NA,NA,NA,NA,NA
"A1012",NA,NA,2019-02-11,NA,NA,NA,NA,NA,NA,9,NA,"Leasion RLL",NA,NA,NA,NA,NA,NA,NA,NA
"A1012",NA,NA,2019-02-11,NA,NA,NA,NA,NA,NA,NA,NA,"Pleural effusion right",NA,NA,NA,NA,NA,NA,NA,NA
"A1012",NA,NA,2019-05-06,"CT scan",100,803,26.33,NA,NA,36,19,"Hilar mass right",66,83,37,15,30,"19",106,19
"A1012",NA,NA,2019-05-06,NA,NA,NA,NA,NA,NA,10,NA,"Pleural mass right",NA,NA,NA,NA,NA,NA,NA,NA
"A1012",NA,NA,2019-05-06,NA,NA,NA,NA,NA,NA,14,10,"LN subcarinal",NA,NA,NA,NA,NA,NA,NA,NA
"A1012",NA,NA,2019-05-06,NA,NA,NA,NA,NA,NA,9,NA,"Leasion RLL",NA,NA,NA,NA,NA,NA,NA,NA
"A1012",NA,NA,2019-05-06,NA,NA,NA,NA,NA,NA,NA,NA,"Pleural effusion right",NA,NA,NA,NA,NA,NA,NA,NA
"A1012",NA,NA,2019-07-29,"CT scan",100,540,26.5,NA,NA,37,21,"Hilar mass right",64,86,37,12,23,"16",106,16
"A1012",NA,NA,2019-07-29,NA,NA,NA,NA,NA,NA,10,NA,"Pleural mass right",NA,NA,NA,NA,NA,NA,NA,NA
"A1012",NA,NA,2019-07-29,NA,NA,NA,NA,NA,NA,14,10,"LN subcarinal",NA,NA,NA,NA,NA,NA,NA,NA
"A1012",NA,NA,2019-07-29,NA,NA,NA,NA,NA,NA,9,NA,"Leasion RLL",NA,NA,NA,NA,NA,NA,NA,NA
"A1012",NA,NA,2019-07-29,NA,NA,NA,NA,NA,NA,NA,NA,"Pleural effusion right",NA,NA,NA,NA,NA,NA,NA,NA
"A1012",NA,NA,2019-10-21,"CT scan",100,559,26,NA,NA,30,16,"Hilar mass right",76,70,42,13,27,"27",83,27
"A1012",NA,NA,2019-10-21,NA,NA,NA,NA,NA,NA,10,NA,"Pleural mass right",NA,NA,NA,NA,NA,NA,NA,NA
"A1012",NA,NA,2019-10-21,NA,NA,NA,NA,NA,NA,14,10,"LN subcarinal",NA,NA,NA,NA,NA,NA,NA,NA
"A1012",NA,NA,2019-10-21,NA,NA,NA,NA,NA,NA,9,NA,"Leasion RLL",NA,NA,NA,NA,NA,NA,NA,NA
"A1012",NA,NA,2019-10-21,NA,NA,NA,NA,NA,NA,NA,NA,"Pleural effusion right",NA,NA,NA,NA,NA,NA,NA,NA
"A1012",NA,NA,2020-01-22,"CT scan / progression",100,545,26.33,NA,"No primary EGFR mutation",32,23,"Hilar mass right",68,80,41,13,30,"23",89,23
"A1012",NA,NA,2020-01-22,NA,NA,NA,NA,NA,NA,13,NA,"Pleural mass right",NA,NA,NA,NA,NA,NA,NA,NA
"A1012",NA,NA,2020-01-22,NA,NA,NA,NA,NA,NA,14,10,"LN subcarinal",NA,NA,NA,NA,NA,NA,NA,NA
"A1012",NA,NA,2020-01-22,NA,NA,NA,NA,NA,NA,9,NA,"Leasion RLL",NA,NA,NA,NA,NA,NA,NA,NA
"A1012",NA,NA,2020-01-22,NA,NA,NA,NA,NA,NA,NA,NA,"Pleural effusion right",NA,NA,NA,NA,NA,NA,NA,NA
"A1012",NA,NA,2020-04-10,"CT scan / progression",100,NA,NA,NA,NA,36,35,"Hilar mass right",73,73,40,21,32,"24",93,24
"A1012",NA,NA,2020-04-10,NA,NA,NA,NA,NA,NA,13,NA,"Pleural mass right",NA,NA,NA,NA,NA,NA,NA,NA
"A1012",NA,NA,2020-04-10,NA,NA,NA,NA,NA,NA,14,NA,"LN subcarinal",NA,NA,NA,NA,NA,NA,NA,NA
"A1012",NA,NA,2020-04-10,NA,NA,NA,NA,NA,NA,8,NA,"Leasion RLL",NA,NA,NA,NA,NA,NA,NA,NA
"A1012",NA,NA,2020-04-10,NA,NA,NA,NA,NA,NA,NA,NA,"Pleural effusion right",NA,NA,NA,NA,NA,NA,NA,NA
"A1012",NA,NA,2021-03-25,"progression",NA,NA,NA,NA,"exon 21 p.L858R + exon 20 p.T790M",NA,NA,NA,NA,NA,NA,NA,NA,NA,NA,NA
"A1013","F",NA,NA,NA,NA,NA,NA,NA,"p.E746_A750del + TP53 (NM_000546) exon 7: c.733G>A; p.G245S (69%)",NA,NA,NA,NA,NA,NA,NA,NA,NA,NA,NA
"A1013",NA,"Ascal 80mg",2018-06-13,"CT baseline",NA,NA,NA,NA,NA,41,NA,"Tumour RLL",NA,NA,NA,NA,NA,NA,NA,NA
"A1013",NA,NA,2018-06-13,NA,NA,NA,NA,NA,NA,NA,NA,"LN hilar right",NA,NA,NA,NA,NA,NA,NA,NA
"A1013",NA,NA,2018-06-13,NA,NA,NA,NA,NA,NA,NA,NA,"LN hilar left",NA,NA,NA,NA,NA,NA,NA,NA
"A1013",NA,NA,2018-06-13,NA,NA,NA,NA,NA,NA,10,NA,"Metastasis RLL",NA,NA,NA,NA,NA,NA,NA,NA
"A1013",NA,NA,2018-06-13,NA,NA,NA,NA,NA,NA,32,NA,"Hepatic metastasis segment 8",NA,NA,NA,NA,NA,NA,NA,NA
"A1013",NA,NA,2018-06-13,NA,NA,NA,NA,NA,NA,NA,NA,"Multiple hepatic metastases",NA,NA,NA,NA,NA,NA,NA,NA
"A1013",NA,NA,2018-06-13,"MRI baseline",NA,NA,NA,NA,NA,6,NA,"Leasion pons right",NA,NA,NA,NA,NA,NA,NA,NA
"A1013",NA,NA,2018-06-20,"Dose start",150,NA,NA,1.24,"priamry EGFR mutation (VAF 62,74)",NA,NA,NA,59,86,44,5,22,"14",116,14
"A1013",NA,NA,2018-07-03,"Drug concentration",150,1941,1.25,NA,NA,NA,NA,NA,76,66,48,16,22,"17",124,17
"A1013",NA,NA,2018-07-17,"Drug concentration",150,2305,0.75,NA,NA,NA,NA,NA,77,65,41,22,39,"40",142,40
"A1013",NA,NA,2018-07-31,"CT scan",150,1280,24,2.13,"No primary EGFR mutation",25,16,"Tumour RLL",76,66,35,10,26,"52",437,52
"A1013",NA,NA,2018-07-31,NA,NA,NA,NA,NA,NA,7.6,NA,"LN hilar right",NA,NA,NA,NA,NA,NA,NA,NA
"A1013",NA,NA,2018-07-31,NA,NA,NA,NA,NA,NA,13,NA,"LN hilar left",NA,NA,NA,NA,NA,NA,NA,NA
"A1013",NA,NA,2018-07-31,NA,NA,NA,NA,NA,NA,0,NA,"Metastasis RLL",NA,NA,NA,NA,NA,NA,NA,NA
"A1013",NA,NA,2018-07-31,NA,NA,NA,NA,NA,NA,15,NA,"Hepatic metastasis segment 8",NA,NA,NA,NA,NA,NA,NA,NA
"A1013",NA,NA,2018-07-31,NA,NA,NA,NA,NA,NA,0,NA,"Multiple hepatic metastases",NA,NA,NA,NA,NA,NA,NA,NA
"A1013",NA,NA,2018-08-22,"Drug concentration",150,1526,23.25,NA,NA,NA,NA,NA,77,65,45,14,27,"31",172,31
"A1013",NA,"Metronidazole creme, tacrolimus creme, triamcinoloncreme.",2018-09-20,"CT scan",150,NA,NA,0.64,"No primary EGFR mutation",24,13,"Tumour RLL",78,64,45,17,25,"18",132,18
"A1013",NA,NA,2018-09-20,NA,NA,NA,NA,NA,NA,5,NA,"LN hilar right",NA,NA,NA,NA,NA,NA,NA,NA
"A1013",NA,NA,2018-09-20,NA,NA,NA,NA,NA,NA,7,NA,"LN hilar left",NA,NA,NA,NA,NA,NA,NA,NA
"A1013",NA,NA,2018-09-20,NA,NA,NA,NA,NA,NA,0,NA,"Metastasis RLL",NA,NA,NA,NA,NA,NA,NA,NA
"A1013",NA,NA,2018-09-20,NA,NA,NA,NA,NA,NA,13,NA,"Hepatic metastasis segment 8",NA,NA,NA,NA,NA,NA,NA,NA
"A1013",NA,NA,2018-09-20,NA,NA,NA,NA,NA,NA,0,NA,"Multiple hepatic metastases",NA,NA,NA,NA,NA,NA,NA,NA
"A1013",NA,NA,2018-09-20,"MRI",150,1787,0.25,NA,NA,0,NA,"Leasion pons right",NA,NA,NA,NA,NA,NA,NA,NA
"A1013",NA,NA,2018-10-31,"CT scan",NA,NA,NA,NA,NA,23,13,"Tumour RLL",76,66,47,15,27,"24",138,24
"A1013",NA,NA,2018-10-31,NA,NA,NA,NA,NA,NA,5,NA,"LN hilar right",NA,NA,NA,NA,NA,NA,NA,NA
"A1013",NA,NA,2018-10-31,NA,NA,NA,NA,NA,NA,7,NA,"LN hilar left",NA,NA,NA,NA,NA,NA,NA,NA
"A1013",NA,NA,2018-10-31,NA,NA,NA,NA,NA,NA,0,NA,"Metastasis RLL",NA,NA,NA,NA,NA,NA,NA,NA
"A1013",NA,NA,2018-10-31,NA,NA,NA,NA,NA,NA,11,NA,"Hepatic metastasis segment 8",NA,NA,NA,NA,NA,NA,NA,NA
"A1013",NA,NA,2018-10-31,NA,NA,NA,NA,NA,NA,0,NA,"Multiple hepatic metastases",NA,NA,NA,NA,NA,NA,NA,NA
"A1013",NA,NA,2018-12-12,"CT scan",150,NA,NA,NA,NA,23,13,"Tumour RLL",78,64,44,10,25,"22",137,22
"A1013",NA,NA,2018-12-12,NA,NA,NA,NA,NA,NA,5,NA,"LN hilar right",NA,NA,NA,NA,NA,NA,NA,NA
"A1013",NA,NA,2018-12-12,NA,NA,NA,NA,NA,NA,7,NA,"LN hilar left",NA,NA,NA,NA,NA,NA,NA,NA
"A1013",NA,NA,2018-12-12,NA,NA,NA,NA,NA,NA,0,NA,"Metastasis RLL",NA,NA,NA,NA,NA,NA,NA,NA
"A1013",NA,NA,2018-12-12,NA,NA,NA,NA,NA,NA,11,NA,"Hepatic metastasis segment 8",NA,NA,NA,NA,NA,NA,NA,NA
"A1013",NA,NA,2018-12-12,NA,NA,NA,NA,NA,NA,0,NA,"Multiple hepatic metastases",NA,NA,NA,NA,NA,NA,NA,NA
"A1013",NA,NA,2018-12-12,"MRI / progression",150,1019,27.67,1.05,"No primary EGFR mutation (or T790M)",5,NA,"Leasion pons right",NA,NA,NA,NA,NA,NA,NA,NA
"A1013",NA,"Dose reduction 17-12-2018",2019-01-23,"CT scan",100,768,25.75,NA,NA,23,13,"Tumour RLL",75,67,41,14,22,"26",84,26
"A1013",NA,NA,2019-01-23,NA,NA,NA,NA,NA,NA,5,NA,"LN hilar right",NA,NA,NA,NA,NA,NA,NA,NA
"A1013",NA,NA,2019-01-23,NA,NA,NA,NA,NA,NA,7,NA,"LN hilar left",NA,NA,NA,NA,NA,NA,NA,NA
"A1013",NA,NA,2019-01-23,NA,NA,NA,NA,NA,NA,0,NA,"Metastasis RLL",NA,NA,NA,NA,NA,NA,NA,NA
"A1013",NA,NA,2019-01-23,NA,NA,NA,NA,NA,NA,10,NA,"Hepatic metastasis segment 8",NA,NA,NA,NA,NA,NA,NA,NA
"A1013",NA,NA,2019-01-23,NA,NA,NA,NA,NA,NA,0,NA,"Multiple hepatic metastases",NA,NA,NA,NA,NA,NA,NA,NA
"A1013",NA,NA,2019-03-06,"CT scan",100,856,26.5,NA,NA,23,13,"Tumour RLL",68,76,45,10,28,"23",130,23
"A1013",NA,NA,2019-03-06,NA,NA,NA,NA,NA,NA,5,NA,"LN hilar right",NA,NA,NA,NA,NA,NA,NA,NA
"A1013",NA,NA,2019-03-06,NA,NA,NA,NA,NA,NA,7,NA,"LN hilar left",NA,NA,NA,NA,NA,NA,NA,NA
"A1013",NA,NA,2019-03-06,NA,NA,NA,NA,NA,NA,0,NA,"Metastasis RLL",NA,NA,NA,NA,NA,NA,NA,NA
"A1013",NA,NA,2019-03-06,NA,NA,NA,NA,NA,NA,10,NA,"Hepatic metastasis segment 9",NA,NA,NA,NA,NA,NA,NA,NA
"A1013",NA,NA,2019-03-06,NA,NA,NA,NA,NA,NA,0,NA,"Multiple hepatic metastases",NA,NA,NA,NA,NA,NA,NA,NA
"A1014","F",NA,NA,NA,NA,NA,NA,NA,"p.(E746_A750del) + TP53 p.C238Y (4,90%)",NA,NA,NA,NA,NA,NA,NA,NA,NA,NA,NA
"A1014",NA,NA,2018-06-18,"CT baseline",NA,NA,NA,NA,NA,9,NA,"Nodus LLL",NA,NA,NA,NA,NA,NA,NA,NA
"A1014",NA,NA,2018-06-18,NA,NA,NA,NA,NA,NA,7,NA,"LN subcarinal",NA,NA,NA,NA,NA,NA,NA,NA
"A1014",NA,NA,2018-06-18,NA,NA,NA,NA,NA,NA,7,NA,"subpleural nodus LUL",NA,NA,NA,NA,NA,NA,NA,NA
"A1014",NA,NA,2018-06-18,NA,NA,NA,NA,NA,NA,6,NA,"pleural nodus LUL",NA,NA,NA,NA,NA,NA,NA,NA
"A1014",NA,NA,2018-06-18,NA,NA,NA,NA,NA,NA,NA,NA,"Pleural effision left",NA,NA,NA,NA,NA,NA,NA,NA
"A1014",NA,NA,NA,NA,NA,NA,NA,NA,NA,NA,NA,NA,NA,NA,NA,NA,NA,NA,NA,NA
"A1014",NA,NA,2018-07-17,"Dose start",150,NA,NA,0.82,"No primary EGFR mutation (or T790M)",NA,NA,NA,192,23,42,4,18,"14",88,14
"A1014",NA,NA,2018-07-31,"Drug concentration",150,656,24,NA,NA,NA,NA,NA,190,24,40,9,21,"14",89,14
"A1014",NA,NA,2018-08-09,"Drug concentration",150,630,24,NA,NA,NA,NA,NA,177,26,39,6,17,"12",94,12
"A1014",NA,NA,2018-08-23,"CT scan",NA,NA,NA,NA,NA,0,NA,"Nodus LLL",NA,NA,NA,NA,NA,NA,NA,NA
"A1014",NA,NA,2018-08-23,NA,NA,NA,NA,NA,NA,4,NA,"LN subcarinal",NA,NA,NA,NA,NA,NA,NA,NA
"A1014",NA,NA,2018-08-23,NA,NA,NA,NA,NA,NA,5,NA,"subpleural nodus LUL",NA,NA,NA,NA,NA,NA,NA,NA
"A1014",NA,NA,2018-08-23,NA,NA,NA,NA,NA,NA,2,NA,"pleural nodus LUL",NA,NA,NA,NA,NA,NA,NA,NA
"A1014",NA,NA,NA,NA,NA,NA,NA,NA,NA,NA,NA,"Pleural effision left",NA,NA,NA,NA,NA,NA,NA,NA
"A1014",NA,"co med see comments",2018-08-30,"Drug concentration",150,832,24.25,1.6,"No primary EGFR mutation (or T790M)",NA,NA,NA,165,28,36,8,24,"23",104,23
"A1014",NA,NA,2018-09-17,"Drug concentration",150,630,24.83,NA,NA,NA,NA,NA,170,27,39,6,25,"27",110,27
"A1014",NA,NA,2018-10-08,"CT scan",NA,NA,NA,NA,NA,0,NA,"Nodus LLL",NA,NA,NA,NA,NA,NA,NA,NA
"A1014",NA,NA,2018-10-08,NA,NA,NA,NA,NA,NA,4,NA,"LN subcarinal",NA,NA,NA,NA,NA,NA,NA,NA
"A1014",NA,NA,2018-10-08,NA,NA,NA,NA,NA,NA,5,NA,"subpleural nodus LUL",NA,NA,NA,NA,NA,NA,NA,NA
"A1014",NA,NA,2018-10-08,NA,NA,NA,NA,NA,NA,2,NA,"pleural nodus LUL",NA,NA,NA,NA,NA,NA,NA,NA
"A1014",NA,NA,NA,NA,NA,NA,NA,NA,NA,NA,NA,"Pleural effision left",NA,NA,NA,NA,NA,NA,NA,NA
"A1014",NA,NA,2018-10-12,"Drug concentration",150,544,24,2.16,"No primary EGFR mutation (or T790M)",NA,NA,NA,168,27,41,8,25,"28",102,28
"A1014",NA,NA,2018-10-13,"erlotinib dose change",100,NA,NA,NA,NA,NA,NA,NA,NA,NA,NA,NA,NA,NA,NA,NA
"A1014",NA,NA,2018-11-19,"CT scan",100,410,24.75,NA,NA,0,NA,"Nodus LLL",168,27,38,10,20,"17",81,17
"A1014",NA,NA,2018-11-19,NA,NA,NA,NA,NA,NA,4,NA,"LN subcarinal",NA,NA,NA,NA,NA,NA,NA,NA
"A1014",NA,NA,2018-11-19,NA,NA,NA,NA,NA,NA,4,NA,"subpleural nodus LUL",NA,NA,NA,NA,NA,NA,NA,NA
"A1014",NA,NA,2018-11-19,NA,NA,NA,NA,NA,NA,0,NA,"pleural nodus LUL",NA,NA,NA,NA,NA,NA,NA,NA
"A1014",NA,NA,NA,NA,NA,NA,NA,NA,NA,NA,NA,"Pleural effision left",NA,NA,NA,NA,NA,NA,NA,NA
"A1014",NA,NA,2018-12-27,"CT scan",100,402,28.75,NA,NA,0,NA,"Nodus LLL",160,29,40,5,19,"17",105,17
"A1014",NA,NA,2018-12-27,NA,NA,NA,NA,NA,NA,4,NA,"LN subcarinal",NA,NA,NA,NA,NA,NA,NA,NA
"A1014",NA,NA,2018-12-27,NA,NA,NA,NA,NA,NA,4,NA,"subpleural nodus LUL",NA,NA,NA,NA,NA,NA,NA,NA
"A1014",NA,NA,2018-12-27,NA,NA,NA,NA,NA,NA,2,NA,"pleural nodus LUL",NA,NA,NA,NA,NA,NA,NA,NA
"A1014",NA,NA,NA,NA,NA,NA,NA,NA,NA,NA,NA,"Pleural effision left",NA,NA,NA,NA,NA,NA,NA,NA
"A1014",NA,NA,2019-02-13,"Drug concentration",100,539,24,NA,NA,NA,NA,NA,159,29,38,5,19,"17",102,17
"A1014",NA,NA,2019-03-25,"CT scan",100,343,24.75,NA,NA,0,NA,"Nodus LLL",174,26,39,5,18,"16",93,16
"A1014",NA,NA,2019-03-25,NA,NA,NA,NA,NA,NA,4,NA,"LN subcarinal",NA,NA,NA,NA,NA,NA,NA,NA
"A1014",NA,NA,2019-03-25,NA,NA,NA,NA,NA,NA,4,NA,"subpleural nodus LUL",NA,NA,NA,NA,NA,NA,NA,NA
"A1014",NA,NA,2019-03-25,NA,NA,NA,NA,NA,NA,2,NA,"pleural nodus LUL",NA,NA,NA,NA,NA,NA,NA,NA
"A1014",NA,NA,NA,NA,NA,NA,NA,NA,NA,NA,NA,"Pleural effision left",NA,NA,NA,NA,NA,NA,NA,NA
"A1014",NA,NA,2019-07-01,"CT scan",100,NA,25,NA,NA,0,NA,"Nodus LLL",177,26,NA,NA,NA,NA,NA,NA
"A1014",NA,NA,2019-07-01,NA,NA,NA,NA,NA,NA,4,NA,"LN subcarinal",NA,NA,NA,NA,NA,NA,NA,NA
"A1014",NA,NA,2019-07-01,NA,NA,NA,NA,NA,NA,4,NA,"subpleural nodus LUL",NA,NA,NA,NA,NA,NA,NA,NA
"A1014",NA,NA,2019-07-01,NA,NA,NA,NA,NA,NA,2,NA,"pleural nodus LUL",NA,NA,NA,NA,NA,NA,NA,NA
"A1014",NA,NA,NA,NA,NA,NA,NA,NA,NA,NA,NA,"Pleural effision left",NA,NA,NA,NA,NA,NA,NA,NA
"A1014",NA,NA,2019-07-03,"erlotinib dose change",75,NA,NA,NA,NA,NA,NA,NA,NA,NA,NA,NA,NA,NA,NA,NA
"A1014",NA,NA,2019-09-30,"CT scan",75,521,23.5,NA,NA,0,NA,"Nodus LLL",182,25,38,4,22,"20",86,20
"A1014",NA,NA,2019-09-30,NA,NA,NA,NA,NA,NA,4,NA,"LN subcarinal",NA,NA,NA,NA,NA,NA,NA,NA
"A1014",NA,NA,2019-09-30,NA,NA,NA,NA,NA,NA,4,NA,"subpleural nodus LUL",NA,NA,NA,NA,NA,NA,NA,NA
"A1014",NA,NA,2019-09-30,NA,NA,NA,NA,NA,NA,2,NA,"pleural nodus LUL",NA,NA,NA,NA,NA,NA,NA,NA
"A1014",NA,NA,NA,NA,NA,NA,NA,NA,NA,NA,NA,"Pleural effision left",NA,NA,NA,NA,NA,NA,NA,NA
"A1014",NA,NA,2019-10-19,"Drug concentration",75,491,24,NA,NA,NA,NA,NA,NA,NA,NA,NA,NA,NA,NA,NA
"A1014",NA,NA,2019-12-16,"CT scan",75,417,26,NA,NA,0,NA,"Nodus LLL",175,26,41,5,22,"23",89,23
"A1014",NA,NA,2019-12-16,NA,NA,NA,NA,NA,NA,4,NA,"LN subcarinal",NA,NA,NA,NA,NA,NA,NA,NA
"A1014",NA,NA,2019-12-16,NA,NA,NA,NA,NA,NA,4,NA,"subpleural nodus LUL",NA,NA,NA,NA,NA,NA,NA,NA
"A1014",NA,NA,2019-12-16,NA,NA,NA,NA,NA,NA,2,NA,"pleural nodus LUL",NA,NA,NA,NA,NA,NA,NA,NA
"A1014",NA,NA,NA,NA,NA,NA,NA,NA,NA,NA,NA,"Pleural effision left",NA,NA,NA,NA,NA,NA,NA,NA
"A1014",NA,NA,2020-03-05,"CT scan",75,453,23,NA,NA,0,NA,"Nodus LLL",189,24,43,7,29,"31",90,31
"A1014",NA,NA,2020-03-05,NA,NA,NA,NA,NA,NA,4,NA,"LN subcarinal",NA,NA,NA,NA,NA,NA,NA,NA
"A1014",NA,NA,2020-03-05,NA,NA,NA,NA,NA,NA,4,NA,"subpleural nodus LUL",NA,NA,NA,NA,NA,NA,NA,NA
"A1014",NA,NA,2020-03-05,NA,NA,NA,NA,NA,NA,2,NA,"pleural nodus LUL",NA,NA,NA,NA,NA,NA,NA,NA
"A1014",NA,NA,NA,NA,NA,NA,NA,NA,NA,NA,NA,"Pleural effision left",191,23,41,8,25,"28",95,28
"A1014",NA,NA,2020-06-10,"CT scan",75,910,4,NA,NA,0,NA,"Nodus LLL",NA,NA,NA,NA,NA,NA,NA,NA
"A1014",NA,NA,2020-06-10,NA,NA,NA,NA,NA,NA,4,NA,"LN subcarinal",NA,NA,NA,NA,NA,NA,NA,NA
"A1014",NA,NA,2020-06-10,NA,NA,NA,NA,NA,NA,5,NA,"subpleural nodus LUL",NA,NA,NA,NA,NA,NA,NA,NA
"A1014",NA,NA,2020-06-10,NA,NA,NA,NA,NA,NA,2,NA,"pleural nodus LUL",NA,NA,NA,NA,NA,NA,NA,NA
"A1014",NA,NA,NA,NA,NA,NA,NA,NA,NA,NA,NA,"Pleural effision left",NA,NA,NA,NA,NA,NA,NA,NA
"A1014",NA,NA,2020-08-17,"CT scan",75,379,27,NA,NA,0,NA,"Nodus LLL",198,22,40,4,20,"20",96,20
"A1014",NA,NA,2020-08-17,NA,NA,NA,NA,NA,NA,4,NA,"LN subcarinal",NA,NA,NA,NA,NA,NA,NA,NA
"A1014",NA,NA,2020-08-17,NA,NA,NA,NA,NA,NA,5,NA,"subpleural nodus LUL",NA,NA,NA,NA,NA,NA,NA,NA
"A1014",NA,NA,2020-08-17,NA,NA,NA,NA,NA,NA,2,NA,"pleural nodus LUL",NA,NA,NA,NA,NA,NA,NA,NA
"A1014",NA,NA,NA,NA,NA,NA,NA,NA,NA,NA,NA,"Pleural effision left",NA,NA,NA,NA,NA,NA,NA,NA
"A1014",NA,NA,2020-10-19,"CT scan",75,623,3,NA,NA,0,NA,"Nodus LLL",202,22,42,6,20,"20",105,20
"A1014",NA,NA,2020-10-19,NA,NA,NA,NA,NA,NA,4,NA,"LN subcarinal",NA,NA,NA,NA,NA,NA,NA,NA
"A1014",NA,NA,2020-10-19,NA,NA,NA,NA,NA,NA,5,NA,"subpleural nodus LUL",NA,NA,NA,NA,NA,NA,NA,NA
"A1014",NA,NA,2020-10-19,NA,NA,NA,NA,NA,NA,3,NA,"pleural nodus LUL",NA,NA,NA,NA,NA,NA,NA,NA
"A1014",NA,NA,NA,NA,NA,NA,NA,NA,NA,NA,NA,"Pleural effision left",NA,NA,NA,NA,NA,NA,NA,NA
"A1014",NA,NA,2020-12-23,"CT scan",75,395,26.5,NA,NA,0,NA,"Nodus LLL",214,20,NA,7,19,"20",NA,20
"A1014",NA,NA,2020-12-23,NA,NA,NA,NA,NA,NA,4,NA,"LN subcarinal",NA,NA,NA,NA,NA,NA,NA,NA
"A1014",NA,NA,2020-12-23,NA,NA,NA,NA,NA,NA,5,NA,"subpleural nodus LUL",NA,NA,NA,NA,NA,NA,NA,NA
"A1014",NA,NA,2020-12-23,NA,NA,NA,NA,NA,NA,3,NA,"pleural nodus LUL",NA,NA,NA,NA,NA,NA,NA,NA
"A1014",NA,NA,NA,NA,NA,NA,NA,NA,NA,NA,NA,"Pleural effision left",NA,NA,NA,NA,NA,NA,NA,NA
"A1014",NA,NA,2021-03-09,"CT scan / progression",75,424,26,NA,"No primary EGFR mutation (or T790M)",0,NA,"Nodus LLL",203,21,40,4,21,"21",120,21
"A1014",NA,NA,2021-03-09,NA,NA,NA,NA,NA,NA,4,NA,"LN subcarinal",NA,NA,NA,NA,NA,NA,NA,NA
"A1014",NA,NA,2021-03-09,NA,NA,NA,NA,NA,NA,6,NA,"subpleural nodus LUL",NA,NA,NA,NA,NA,NA,NA,NA
"A1014",NA,NA,2021-03-09,NA,NA,NA,NA,NA,NA,6,NA,"pleural nodus LUL",NA,NA,NA,NA,NA,NA,NA,NA
"A1014",NA,NA,NA,NA,NA,NA,NA,NA,NA,NA,NA,"Pleural effision left",NA,NA,NA,NA,NA,NA,NA,NA
"A1014",NA,NA,2021-04-28,"CT scan / progression",75,532,1,NA,NA,0,NA,"Nodus LLL",2015,20,41,6,18,"20",112,20
"A1014",NA,NA,2021-04-28,NA,NA,NA,NA,NA,NA,4,NA,"LN subcarinal",NA,NA,NA,NA,NA,NA,NA,NA
"A1014",NA,NA,2021-04-28,NA,NA,NA,NA,NA,NA,5,NA,"subpleural nodus LUL",NA,NA,NA,NA,NA,NA,NA,NA
"A1014",NA,NA,2021-04-28,NA,NA,NA,NA,NA,NA,6,NA,"pleural nodus LUL",NA,NA,NA,NA,NA,NA,NA,NA
"A1014",NA,NA,NA,NA,NA,NA,NA,NA,NA,NA,NA,"Pleural effision left",NA,NA,NA,NA,NA,NA,NA,NA
"A1014",NA,NA,2021-06-30,"CT scan / progression",75,NA,NA,NA,NA,0,NA,"Nodus LLL",211,20,NA,NA,NA,NA,NA,NA
"A1014",NA,NA,2021-06-30,NA,NA,NA,NA,NA,NA,4,NA,"LN subcarinal",NA,NA,NA,NA,NA,NA,NA,NA
"A1014",NA,NA,2021-06-30,NA,NA,NA,NA,NA,NA,6,NA,"subpleural nodus LUL",NA,NA,NA,NA,NA,NA,NA,NA
"A1014",NA,NA,2021-06-30,NA,NA,NA,NA,NA,NA,7,NA,"pleural nodus LUL",NA,NA,NA,NA,NA,NA,NA,NA
"A1014",NA,NA,NA,NA,NA,NA,NA,NA,NA,NA,NA,"Pleural effision left",NA,NA,NA,NA,NA,NA,NA,NA
"A1014",NA,NA,2021-07-07,"Drug concentration",75,318,25.5,NA,NA,NA,NA,NA,217,20,41,5,19,"19",101,19
"A1014",NA,NA,2021-09-27,"CT scan / progression",75,NA,NA,NA,NA,0,NA,"Nodus LLL",248,17,42,6,20,"22",100,22
"A1014",NA,NA,2021-09-27,NA,NA,NA,NA,NA,NA,4,NA,"LN subcarinal",NA,NA,NA,NA,NA,NA,NA,NA
"A1014",NA,NA,2021-09-27,NA,NA,NA,NA,NA,NA,7,NA,"subpleural nodus LUL",NA,NA,NA,NA,NA,NA,NA,NA
"A1014",NA,NA,2021-09-27,NA,NA,NA,NA,NA,NA,9,NA,"pleural nodus LUL",NA,NA,NA,NA,NA,NA,NA,NA
"A1014",NA,NA,NA,NA,NA,NA,NA,NA,NA,NA,NA,"Pleural effision left",NA,NA,NA,NA,NA,NA,NA,NA
"A1015","M",NA,NA,NA,NA,NA,NA,NA,"p.(E746_A750del) + TP53 p.C135Y, c.404G>A (57%)",NA,NA,NA,NA,NA,NA,NA,NA,NA,NA,NA
"A1015",NA,NA,2018-11-05,"CT baseline",NA,NA,NA,NA,NA,27,NA,"Primary tumour RUL",NA,NA,NA,NA,NA,NA,NA,NA
"A1015",NA,NA,2018-11-05,NA,NA,NA,NA,NA,NA,28,NA,"Metastsis liver1",NA,NA,NA,NA,NA,NA,NA,NA
"A1015",NA,NA,2018-11-05,NA,NA,NA,NA,NA,NA,30,NA,"Metastsis liver2",NA,NA,NA,NA,NA,NA,NA,NA
"A1015",NA,NA,2018-11-05,NA,NA,NA,NA,NA,NA,18,NA,"LN mediastinum",NA,NA,NA,NA,NA,NA,NA,NA
"A1015",NA,NA,2018-11-05,NA,NA,NA,NA,NA,NA,10,NA,"LN 4R",NA,NA,NA,NA,NA,NA,NA,NA
"A1015",NA,NA,NA,NA,NA,NA,NA,NA,NA,NA,NA,"Spinal metastasis",NA,NA,NA,NA,NA,NA,NA,NA
"A1015",NA,"diclofenac 50mg 3d, enalapril/hydrochloorthiazide 20/12,5mg 2d, gliclazide 30mg 2d, metformine 850mg 3d, metoprolol 50mg 1/2d, pantoprazol 40mg 1d, paracetamol 1000mg 4d",2018-11-21,"Dose start",150,NA,NA,2.7,"p.(E746_A750del) (VAF 1,34)",NA,NA,NA,105,59,34,4,18,"13",82,13
"A1015",NA,NA,2018-12-11,"CT scan",NA,NA,NA,NA,NA,29,NA,"Primary tumour RUL",118,51,33,8,25,"28",104,28
"A1015",NA,NA,2018-12-11,NA,NA,NA,NA,NA,NA,30,NA,"Metastsis liver1",NA,NA,NA,NA,NA,NA,NA,NA
"A1015",NA,NA,2018-12-11,NA,NA,NA,NA,NA,NA,32,NA,"Metastsis liver2",NA,NA,NA,NA,NA,NA,NA,NA
"A1015",NA,NA,2018-12-11,NA,NA,NA,NA,NA,NA,20,NA,"LN mediastinum",NA,NA,NA,NA,NA,NA,NA,NA
"A1015",NA,NA,2018-12-11,NA,NA,NA,NA,NA,NA,12,NA,"LN 4R",NA,NA,NA,NA,NA,NA,NA,NA
"A1015",NA,NA,NA,NA,NA,NA,NA,NA,NA,NA,NA,"Spinal metastasis",NA,NA,NA,NA,NA,NA,NA,NA
"A1015",NA,NA,2018-12-11,"Dose stop",150,NA,NA,NA,NA,NA,NA,NA,NA,NA,NA,NA,NA,NA,NA,NA
"A1015",NA,NA,2019-01-07,"Death",NA,NA,NA,NA,NA,NA,NA,NA,NA,NA,NA,NA,NA,NA,NA,NA
"A1016","F",NA,NA,NA,NA,NA,NA,NA,"p.(E746_A750del)",NA,NA,NA,NA,NA,NA,NA,NA,NA,NA,NA
"A1016",NA,NA,2018-11-22,"CT baseline",NA,NA,NA,NA,NA,48,NA,"Lung tumour left",NA,NA,NA,NA,NA,NA,NA,NA
"A1016",NA,NA,2018-11-22,NA,NA,NA,NA,NA,NA,44,NA,"Lung tumour right",NA,NA,NA,NA,NA,NA,NA,NA
"A1016",NA,NA,2018-11-22,NA,NA,NA,NA,NA,NA,11,NA,"LN mediastinum1",NA,NA,NA,NA,NA,NA,NA,NA
"A1016",NA,NA,2018-11-22,NA,NA,NA,NA,NA,NA,13,NA,"LN mediastinum2",NA,NA,NA,NA,NA,NA,NA,NA
"A1016",NA,NA,NA,NA,NA,NA,NA,NA,NA,NA,NA,"Spinal metastasis th5",NA,NA,NA,NA,NA,NA,NA,NA
"A1016",NA,"oxazepam 10mg zn",2018-12-07,"Dose start",150,NA,NA,NA,NA,NA,NA,NA,61,90,46,6,16,"12",798,12
"A1016",NA,NA,2018-12-20,"Drug concentration",150,703,25,NA,NA,NA,NA,NA,60,90,44,8,18,"15",269,15
"A1016",NA,NA,2019-01-03,"Drug concentration",150,889,24.5,NA,NA,NA,NA,NA,63,90,45,8,19,"15",176,15
"A1016",NA,NA,2019-01-17,"CT scan",150,932,24.75,1.89,"No primary EGFR mutation (or T790M)",11,NA,"Lung tumour left",67,87,45,9,23,"18",168,18
"A1016",NA,NA,2019-01-17,NA,NA,NA,NA,NA,NA,22,NA,"Lung tumour right",NA,NA,NA,NA,NA,NA,NA,NA
"A1016",NA,NA,2019-01-17,NA,NA,NA,NA,NA,NA,8,NA,"LN mediastinum1",NA,NA,NA,NA,NA,NA,NA,NA
"A1016",NA,NA,2019-01-17,NA,NA,NA,NA,NA,NA,8,NA,"LN mediastinum2",NA,NA,NA,NA,NA,NA,NA,NA
"A1016",NA,NA,NA,NA,NA,NA,NA,NA,NA,NA,NA,"Spinal metastasis th5",NA,NA,NA,NA,NA,NA,NA,NA
"A1016",NA,NA,2019-02-07,"Drug concentration",150,764,25.33,NA,NA,NA,NA,NA,63,90,42,8,21,"26",153,26
"A1016",NA,NA,2019-02-27,"CT scan",150,728,24.75,1.7,"No primary EGFR mutation (or T790M)",13,NA,"Lung tumour left",70,82,43,7,23,"24",137,24
"A1016",NA,NA,2019-02-27,NA,NA,NA,NA,NA,NA,22,NA,"Lung tumour right",NA,NA,NA,NA,NA,NA,NA,NA
"A1016",NA,NA,2019-02-27,NA,NA,NA,NA,NA,NA,8,NA,"LN mediastinum1",NA,NA,NA,NA,NA,NA,NA,NA
"A1016",NA,NA,2019-02-27,NA,NA,NA,NA,NA,NA,8,NA,"LN mediastinum2",NA,NA,NA,NA,NA,NA,NA,NA
"A1016",NA,NA,NA,NA,NA,NA,NA,NA,NA,NA,NA,"Spinal metastasis th5",NA,NA,NA,NA,NA,NA,NA,NA
"A1016",NA,NA,2019-04-08,"CT scan",150,546,24.75,NA,NA,11,NA,"Lung tumour left",68,84,44,6,40,"55",137,55
"A1016",NA,NA,2019-04-08,NA,NA,NA,NA,NA,NA,21,NA,"Lung tumour right",NA,NA,NA,NA,NA,NA,NA,NA
"A1016",NA,NA,2019-04-08,NA,NA,NA,NA,NA,NA,8,NA,"LN mediastinum1",NA,NA,NA,NA,NA,NA,NA,NA
"A1016",NA,NA,2019-04-08,NA,NA,NA,NA,NA,NA,8,NA,"LN mediastinum2",NA,NA,NA,NA,NA,NA,NA,NA
"A1016",NA,NA,NA,NA,NA,NA,NA,NA,NA,NA,NA,"Spinal metastasis th5",NA,NA,NA,NA,NA,NA,NA,NA
"A1016",NA,NA,2019-05-07,"erlotinib dose change",100,NA,NA,NA,NA,NA,NA,NA,NA,NA,NA,NA,NA,NA,NA,NA
"A1016",NA,NA,2019-06-03,"CT scan",100,573,24.25,NA,NA,10,NA,"Lung tumour left",66,88,42,9,55,"113",114,113
"A1016",NA,NA,2019-06-03,NA,NA,NA,NA,NA,NA,20,NA,"Lung tumour right",NA,NA,NA,NA,NA,NA,NA,NA
"A1016",NA,NA,2019-06-03,NA,NA,NA,NA,NA,NA,8,NA,"LN mediastinum1",NA,NA,NA,NA,NA,NA,NA,NA
"A1016",NA,NA,2019-06-03,NA,NA,NA,NA,NA,NA,8,NA,"LN mediastinum2",NA,NA,NA,NA,NA,NA,NA,NA
"A1016",NA,NA,NA,NA,NA,NA,NA,NA,NA,NA,NA,"Spinal metastasis th5",NA,NA,NA,NA,NA,NA,NA,NA
"A1016",NA,NA,2019-07-15,"CT scan",100,506,24.67,NA,NA,8,NA,"Lung tumour left",64,90,45,9,73,"149",117,149
"A1016",NA,NA,2019-07-15,NA,NA,NA,NA,NA,NA,20,NA,"Lung tumour right",NA,NA,NA,NA,NA,NA,NA,NA
"A1016",NA,NA,2019-07-15,NA,NA,NA,NA,NA,NA,8,NA,"LN mediastinum1",NA,NA,NA,NA,NA,NA,NA,NA
"A1016",NA,NA,2019-07-15,NA,NA,NA,NA,NA,NA,8,NA,"LN mediastinum2",NA,NA,NA,NA,NA,NA,NA,NA
"A1016",NA,NA,NA,NA,NA,NA,NA,NA,NA,NA,NA,"Spinal metastasis th5",NA,NA,NA,NA,NA,NA,NA,NA
"A1016",NA,NA,2019-08-09,"erlotinib dose change",75,NA,NA,NA,NA,NA,NA,NA,NA,NA,NA,NA,NA,NA,NA,NA
"A1016",NA,NA,2019-08-20,"CT scan",75,327,26.67,NA,NA,8,NA,"Lung tumour left",63,90,43,9,56,"104",116,104
"A1016",NA,NA,2019-08-20,NA,NA,NA,NA,NA,NA,20,NA,"Lung tumour right",NA,NA,NA,NA,NA,NA,NA,NA
"A1016",NA,NA,2019-08-20,NA,NA,NA,NA,NA,NA,3,NA,"LN mediastinum1",NA,NA,NA,NA,NA,NA,NA,NA
"A1016",NA,NA,2019-08-20,NA,NA,NA,NA,NA,NA,12,NA,"LN mediastinum2",NA,NA,NA,NA,NA,NA,NA,NA
"A1016",NA,NA,NA,NA,NA,NA,NA,NA,NA,NA,NA,"Spinal metastasis th5",NA,NA,NA,NA,NA,NA,NA,NA
"A1016",NA,NA,2019-10-01,"CT scan",75,585,24.67,NA,NA,16,NA,"Lung tumour left",63,90,44,9,42,"63",134,63
"A1016",NA,NA,2019-10-01,NA,NA,NA,NA,NA,NA,20,NA,"Lung tumour right",NA,NA,NA,NA,NA,NA,NA,NA
"A1016",NA,NA,2019-10-01,NA,NA,NA,NA,NA,NA,8,NA,"LN mediastinum1",NA,NA,NA,NA,NA,NA,NA,NA
"A1016",NA,NA,2019-10-01,NA,NA,NA,NA,NA,NA,8,NA,"LN mediastinum2",NA,NA,NA,NA,NA,NA,NA,NA
"A1016",NA,NA,NA,NA,NA,NA,NA,NA,NA,NA,NA,"Spinal metastasis th5",NA,NA,NA,NA,NA,NA,NA,NA
"A1016",NA,NA,2019-11-11,"CT scan",75,426,24.5,NA,NA,16,NA,"Lung tumour left",63,90,44,8,30,"39",138,39
"A1016",NA,NA,2019-11-11,NA,NA,NA,NA,NA,NA,20,NA,"Lung tumour right",NA,NA,NA,NA,NA,NA,NA,NA
"A1016",NA,NA,2019-11-11,NA,NA,NA,NA,NA,NA,8,NA,"LN mediastinum1",NA,NA,NA,NA,NA,NA,NA,NA
"A1016",NA,NA,2019-11-11,NA,NA,NA,NA,NA,NA,8,NA,"LN mediastinum2",NA,NA,NA,NA,NA,NA,NA,NA
"A1016",NA,NA,NA,NA,NA,NA,NA,NA,NA,NA,NA,"Spinal metastasis th5",NA,NA,NA,NA,NA,NA,NA,NA
"A1016",NA,NA,2020-01-06,"CT scan",75,390,24.75,NA,"No primary EGFR mutation (or T790M)",17,NA,"Lung tumour left",62,90,NA,9,28,"33",185,33
"A1016",NA,NA,2020-01-06,NA,NA,NA,NA,NA,NA,21,NA,"Lung tumour right",NA,NA,NA,NA,NA,NA,NA,NA
"A1016",NA,NA,2020-01-06,NA,NA,NA,NA,NA,NA,8,NA,"LN mediastinum1",NA,NA,NA,NA,NA,NA,NA,NA
"A1016",NA,NA,2020-01-06,NA,NA,NA,NA,NA,NA,8,NA,"LN mediastinum2",NA,NA,NA,NA,NA,NA,NA,NA
"A1016",NA,NA,NA,NA,NA,NA,NA,NA,NA,NA,NA,"Spinal metastasis th5",NA,NA,NA,NA,NA,NA,NA,NA
"A1016",NA,NA,2020-03-02,"CT scan",75,365,25.75,NA,NA,17,NA,"Lung tumour left",61,90,46,9,31,"29",225,29
"A1016",NA,NA,2020-03-02,NA,NA,NA,NA,NA,NA,21,NA,"Lung tumour right",NA,NA,NA,NA,NA,NA,NA,NA
"A1016",NA,NA,2020-03-02,NA,NA,NA,NA,NA,NA,8,NA,"LN mediastinum1",NA,NA,NA,NA,NA,NA,NA,NA
"A1016",NA,NA,2020-03-02,NA,NA,NA,NA,NA,NA,8,NA,"LN mediastinum2",NA,NA,NA,NA,NA,NA,NA,NA
"A1016",NA,NA,NA,NA,NA,NA,NA,NA,NA,NA,NA,"Spinal metastasis th5",NA,NA,NA,NA,NA,NA,NA,NA
"A1016",NA,NA,2020-05-29,"CT scan",75,425,24.75,NA,NA,19,NA,"Lung tumour left",66,87,44,9,32,"37",280,37
"A1016",NA,NA,2020-05-29,NA,NA,NA,NA,NA,NA,22,NA,"Lung tumour right",NA,NA,NA,NA,NA,NA,NA,NA
"A1016",NA,NA,2020-05-29,NA,NA,NA,NA,NA,NA,8,NA,"LN mediastinum1",NA,NA,NA,NA,NA,NA,NA,NA
"A1016",NA,NA,2020-05-29,NA,NA,NA,NA,NA,NA,8,NA,"LN mediastinum2",NA,NA,NA,NA,NA,NA,NA,NA
"A1016",NA,NA,NA,NA,NA,NA,NA,NA,NA,NA,NA,"Spinal metastasis th5",NA,NA,NA,NA,NA,NA,NA,NA
"A1016",NA,"oxazepam 10mg zn",2020-08-03,"CT scan",75,581,24.5,NA,NA,19,NA,"Lung tumour left",68,84,47,10,30,"27",438,27
"A1016",NA,NA,2020-08-03,NA,NA,NA,NA,NA,NA,22,NA,"Lung tumour right",NA,NA,NA,NA,NA,NA,NA,NA
"A1016",NA,NA,2020-08-03,NA,NA,NA,NA,NA,NA,8,NA,"LN mediastinum1",NA,NA,NA,NA,NA,NA,NA,NA
"A1016",NA,NA,2020-08-03,NA,NA,NA,NA,NA,NA,8,NA,"LN mediastinum2",NA,NA,NA,NA,NA,NA,NA,NA
"A1016",NA,NA,NA,NA,NA,NA,NA,NA,NA,NA,NA,"Spinal metastasis th5",NA,NA,NA,NA,NA,NA,NA,NA
"A1016",NA,NA,2020-10-01,"CT scan / progression",75,577,24.5,NA,"No primary EGFR mutation (or T790M)",21,NA,"Lung tumour left",70,81,44,9,21,"16",627,16
"A1016",NA,NA,2020-10-01,NA,NA,NA,NA,NA,NA,24,NA,"Lung tumour right",NA,NA,NA,NA,NA,NA,NA,NA
"A1016",NA,NA,2020-10-01,NA,NA,NA,NA,NA,NA,8,NA,"LN mediastinum1",NA,NA,NA,NA,NA,NA,NA,NA
"A1016",NA,NA,2020-10-01,NA,NA,NA,NA,NA,NA,8,NA,"LN mediastinum2",NA,NA,NA,NA,NA,NA,NA,NA
"A1016",NA,NA,NA,NA,NA,NA,NA,NA,NA,NA,NA,"Spinal metastasis th5",NA,NA,NA,NA,NA,NA,NA,NA
"A1016",NA,NA,2020-10-28,"biopsy",75,NA,NA,NA,"EGFR exon 19 p.(E746_A750del) + EGFR exon 20 p.T790M",NA,NA,NA,NA,NA,NA,NA,NA,NA,NA,NA
"A1017","F",NA,NA,NA,NA,NA,NA,NA,"EGFR exon 19 p.E746_A750del + TP53 p.K132E, c.394A>G (87%) + PTEN p.L320S, c.959T>C (71%)",NA,NA,NA,NA,NA,NA,NA,NA,NA,NA,NA
"Dijke-Palar",NA,"none",2019-01-11,"CT baseline",NA,NA,NA,NA,NA,50,40,"primary tumour RUL",NA,NA,NA,NA,NA,NA,NA,NA
"A1017",NA,NA,2019-01-11,NA,NA,NA,NA,NA,NA,8,NA,"LN hilus right",NA,NA,NA,NA,NA,NA,NA,NA
"A1017",NA,NA,2019-01-11,NA,NA,NA,NA,NA,NA,0,NA,"pleural nodus left",NA,NA,NA,NA,NA,NA,NA,NA
"A1017",NA,NA,NA,NA,NA,NA,NA,NA,NA,NA,NA,"skeletal metastases",NA,NA,NA,NA,NA,NA,NA,NA
"A1017",NA,NA,NA,NA,NA,NA,NA,NA,NA,NA,NA,"pleural effusion left",NA,NA,NA,NA,NA,NA,NA,NA
"A1017",NA,NA,NA,NA,NA,NA,NA,NA,NA,NA,NA,NA,NA,NA,NA,NA,NA,NA,NA,NA
"A1017",NA,NA,2019-02-08,"Dose start",150,NA,NA,3.65,"EGFR exon 19 p.E746_A750del (VAF 4,31)",NA,NA,NA,61,90,39,6,15,"7",131,7
"A1017",NA,NA,2019-03-05,"CT scan",150,1898,0.75,2.27,"No primary EGFR mutation (or T790M)",34,30,"primary tumour RUL",63,90,42,10,17,"10",126,10
"A1017",NA,NA,2019-03-05,NA,NA,NA,NA,NA,NA,6,NA,"LN hilus right",NA,NA,NA,NA,NA,NA,NA,NA
"A1017",NA,NA,2019-03-05,NA,NA,NA,NA,NA,NA,0,NA,"pleural nodus left",NA,NA,NA,NA,NA,NA,NA,NA
"A1017",NA,NA,NA,NA,NA,NA,NA,NA,NA,NA,NA,"skeletal metastases",NA,NA,NA,NA,NA,NA,NA,NA
"A1017",NA,NA,NA,NA,NA,NA,NA,NA,NA,NA,NA,"pleural effusion left",NA,NA,NA,NA,NA,NA,NA,NA
"A1017",NA,NA,2019-03-21,"Drug concentration",150,1404,24.16,NA,NA,NA,NA,NA,64,90,43,6,17,"14",115,14
"A1017",NA,NA,2019-04-14,"CT scan",150,3033,2,1.43,"EGFR exon 19 p.E746_A750del (VAF 0,38)",34,30,"primary tumour RUL",60,90,41,10,24,"14",115,14
"A1017",NA,NA,2019-04-14,NA,NA,NA,NA,NA,NA,6,NA,"LN hilus right",NA,NA,NA,NA,NA,NA,NA,NA
"A1017",NA,NA,2019-04-14,NA,NA,NA,NA,NA,NA,0,NA,"pleural nodus left",NA,NA,NA,NA,NA,NA,NA,NA
"A1017",NA,NA,NA,NA,NA,NA,NA,NA,NA,NA,NA,"skeletal metastases",NA,NA,NA,NA,NA,NA,NA,NA
"A1017",NA,NA,NA,NA,NA,NA,NA,NA,NA,NA,NA,"pleural effusion left",NA,NA,NA,NA,NA,NA,NA,NA
"A1017",NA,NA,2019-05-27,"CT scan",150,1627,24,NA,NA,34,30,"primary tumour RUL",75,75,43,10,22,"14",116,14
"A1017",NA,NA,2019-05-27,NA,NA,NA,NA,NA,NA,6,NA,"LN hilus right",NA,NA,NA,NA,NA,NA,NA,NA
"A1017",NA,NA,2019-05-27,NA,NA,NA,NA,NA,NA,0,NA,"pleural nodus left",NA,NA,NA,NA,NA,NA,NA,NA
"A1017",NA,NA,NA,NA,NA,NA,NA,NA,NA,NA,NA,"skeletal metastases",NA,NA,NA,NA,NA,NA,NA,NA
"A1017",NA,NA,NA,NA,NA,NA,NA,NA,NA,NA,NA,"pleural effusion left",NA,NA,NA,NA,NA,NA,NA,NA
"A1017",NA,NA,2019-07-02,"CT scan",150,2727,3.5,NA,NA,34,30,"primary tumour RUL",67,86,45,8,34,"19",126,19
"A1017",NA,NA,2019-07-02,NA,NA,NA,NA,NA,NA,6,NA,"LN hilus right",NA,NA,NA,NA,NA,NA,NA,NA
"A1017",NA,NA,2019-07-02,NA,NA,NA,NA,NA,NA,0,NA,"pleural nodus left",NA,NA,NA,NA,NA,NA,NA,NA
"A1017",NA,NA,NA,NA,NA,NA,NA,NA,NA,NA,NA,"skeletal metastases",NA,NA,NA,NA,NA,NA,NA,NA
"A1017",NA,NA,NA,NA,NA,NA,NA,NA,NA,NA,NA,"pleural effusion left",NA,NA,NA,NA,NA,NA,NA,NA
"A1017",NA,NA,2019-09-23,"CT scan / progression",150,NA,NA,NA,NA,34,30,"primary tumour RUL",67,86,43,9,21,"8",120,8
"A1017",NA,NA,2019-09-23,NA,NA,NA,NA,NA,NA,8,NA,"LN hilus right",NA,NA,NA,NA,NA,NA,NA,NA
"A1017",NA,NA,2019-09-23,NA,NA,NA,NA,NA,NA,14,NA,"pleural nodus left",NA,NA,NA,NA,NA,NA,NA,NA
"A1017",NA,NA,NA,NA,NA,NA,NA,NA,NA,NA,NA,"skeletal metastases",NA,NA,NA,NA,NA,NA,NA,NA
"A1017",NA,NA,NA,NA,NA,NA,NA,NA,NA,NA,NA,"pleural effusion left",NA,NA,NA,NA,NA,NA,NA,NA
"A1017",NA,NA,2019-11-04,"CT scan / progression",150,2180,4.5,1.35,"?",34,30,"primary tumour RUL",73,77,NA,14,24,"15",124,15
"A1017",NA,NA,2019-11-04,NA,NA,NA,NA,NA,NA,12,NA,"LN hilus right",NA,NA,NA,NA,NA,NA,NA,NA
"A1017",NA,NA,2019-11-04,NA,NA,NA,NA,NA,NA,19,NA,"pleural nodus left",NA,NA,NA,NA,NA,NA,NA,NA
"A1017",NA,NA,NA,NA,NA,NA,NA,NA,NA,NA,NA,"skeletal metastases",NA,NA,NA,NA,NA,NA,NA,NA
"A1017",NA,NA,NA,NA,NA,NA,NA,NA,NA,NA,NA,"pleural effusion left",NA,NA,NA,NA,NA,NA,NA,NA
"A1017",NA,NA,2019-12-18,"Drug concentration",150,1611,24,NA,NA,NA,NA,NA,65,89,44,6,21,"10",131,10
"A1017",NA,"none",2020-01-20,"Drug concentration",150,1442,24.5,NA,NA,NA,NA,NA,69,82,41,7,23,"11",121,11
"A1017",NA,NA,2020-06-10,NA,NA,NA,NA,NA,"EGFR exon 19 p.E746_A750del + EGFR exon 20 pT790M + TP53 p.K132E, c.394A>G + PTEN p.L320S, c.959T>C",NA,NA,NA,NA,NA,NA,NA,NA,NA,NA,NA
"1","F / M","value / NA",2012-03-20,"measurements before treatment starts (if availabel)",NA,NA,NA,NA,"e.g. L858R",100,NA,"primary",NA,NA,NA,NA,NA,"value / NA",NA,NA
"1","F / M","value / NA",2012-03-24,"Dose start",NA,NA,NA,NA,"-",NA,NA,"-",NA,NA,NA,NA,NA,"-",NA,NA
"1","F / M","value / NA",2012-03-26,"Drug concentration",NA,5,24,NA,"-",NA,NA,"-",NA,NA,NA,NA,NA,"-",NA,NA
"1","F / M","value / NA",2012-03-28,"Drug concentration",NA,2,27,NA,"-",NA,NA,"-",NA,NA,NA,NA,NA,"-",NA,NA
"1","F / M","value / NA",2012-03-28,"Lab assessments",NA,NA,NA,NA,"-",NA,NA,"-",NA,NA,NA,NA,NA,"value / NA",NA,NA
"1","F / M","value / NA",2012-03-29,"Lab assessments",NA,NA,NA,NA,"-",NA,NA,"-",NA,NA,NA,NA,NA,"value / NA",NA,NA
"1","F / M","value / NA",2012-04-01,"ctDNA",NA,NA,NA,NA,"e.g. L858R",NA,NA,"-",NA,NA,NA,NA,NA,"-",NA,NA
"1","F / M","value / NA",2012-04-01,"Tumor size",NA,NA,NA,NA,"-",20,NA,"primary",NA,NA,NA,NA,NA,"-",NA,NA
"1","F / M","value / NA",2012-04-01,"Tumor size",NA,NA,NA,NA,"-",10,NA,"liver",NA,NA,NA,NA,NA,"-",NA,NA
"1","F / M","value / NA",2012-04-01,"Lab assessments",NA,NA,NA,NA,"-",NA,NA,"-",NA,NA,NA,NA,NA,"value / NA",NA,NA
"1","F / M","value / NA",2012-05-02,"ctDNA",NA,NA,NA,NA,"e.g. L858R",NA,NA,"-",NA,NA,NA,NA,NA,"-",NA,NA
"1","F / M","value / NA",2012-05-02,"Tumor size",NA,NA,NA,NA,"-",30,NA,"primary",NA,NA,NA,NA,NA,"-",NA,NA
"1","F / M","value / NA",2012-05-02,"Tumor size",NA,NA,NA,NA,"-",20,NA,"liver",NA,NA,NA,NA,NA,"-",NA,NA
"1","F / M","value / NA",2012-05-03,"Dose stop (if there is any interruption)",0,NA,NA,NA,"-",NA,NA,"-",NA,NA,NA,NA,NA,"-",NA,NA
"1","F / M","value / NA",2012-06-04,"Dose start",150,NA,NA,NA,"-",NA,NA,"-",NA,NA,NA,NA,NA,"-",NA,NA
